-4.502159924868465168e-07,-6.593042485292244237e-07,1.617208056359231705e-08
-7.905450161160842981e-07,-1.957684389708447270e-06,1.079873612752635381e-08
-1.355881948938986170e-07,-5.700773613170895260e-07,4.725773994351811780e-09
-2.305050230688721058e-07,-1.915504981297999620e-06,2.623546047075819843e-09
1.232329083222793997e-07,-5.961875899629376363e-07,-5.446584960822065113e-09
2.772988807464571437e-07,-1.913511368911713362e-06,-3.367828460554278536e-09
4.349739413100905949e-07,-6.484899017777934205e-07,-1.609778621514124097e-08
8.235563200287288055e-07,-1.932192844833480194e-06,-8.027022602163924603e-09
-4.376211393264384242e-07,-7.075424832692078780e-07,4.846422996251931181e-08
-7.787777462908707093e-07,-1.959260998773970641e-06,2.663731990537598904e-08
-1.312322979174496140e-07,-5.787412078461784404e-07,1.275655847621237626e-08
-2.279870869870137540e-07,-1.916725750561454333e-06,6.343978231626579145e-09
1.203468542598784552e-07,-5.720423246202699374e-07,-1.556534101609940990e-08
2.721306202602136182e-07,-1.907119099087140057e-06,-7.971035387299707509e-09
4.037992482608387945e-07,-5.403787213253963273e-07,-4.929258068386843661e-08
8.186088962247595191e-07,-1.928436631715158001e-06,-2.452284242338009790e-08
-4.412144960497244028e-07,-7.476357382074638736e-07,7.932070644756095135e-08
-7.764066367599298246e-07,-1.954425897565670311e-06,4.248033746989676729e-08
-1.279153138966648839e-07,-5.752460197072650772e-07,2.041215907411242370e-08
-2.256866054040074232e-07,-1.919165924846311100e-06,9.888822205539327115e-09
1.176779775846625853e-07,-5.386502266446768772e-07,-2.524546793836179859e-08
2.659049584963213420e-07,-1.901560267469903920e-06,-1.226754076100178281e-08
4.071472687883215258e-07,-4.673431135415739845e-07,-8.267731033129166462e-08
8.015177854758803733e-07,-1.902458848235255573e-06,-4.010129117659744225e-08
-9.262323032999120187e-07,-2.809846819218364544e-06,6.979686606456425579e-09
-1.024800326376862358e-06,-3.406451241971808486e-06,4.684068688476372699e-09
-1.090191631192283239e-06,-3.893242592312162742e-06,1.470564447991762336e-09
-1.124704681387811434e-06,-4.270536919648293406e-06,-9.403319234380091984e-10
-1.147552666225237772e-06,-4.555011400952935219e-06,-2.768476781156437028e-09
-1.158927830147149507e-06,-4.778003130923025310e-06,-4.330075409342271087e-09
-1.168284825325827114e-06,-4.966526830685324967e-06,-5.681586312533681848e-09
-1.177706622002006043e-06,-5.122667971590999514e-06,-7.316660610712233392e-09
-3.359204470143595245e-07,-2.805375970638124272e-06,2.290228673373917445e-09
-5.447784587886417285e-07,-3.456438662396976724e-06,2.336769222566204007e-09
-6.929189453330764081e-07,-3.917195954272756353e-06,2.401477627866910325e-10
-8.061001040005066898e-07,-4.288360742066288367e-06,-1.428453466623125223e-09
-8.880625728124869056e-07,-4.575358161673648283e-06,-3.419730054687875054e-09
-9.488279033575963695e-07,-4.805674052477115765e-06,-5.182641427126100098e-09
-1.000966562969551887e-06,-4.994253686163574457e-06,-6.530393559245339929e-09
-1.048998228725395165e-06,-5.149974640517029911e-06,-8.138696827586500149e-09
1.900195201187671046e-07,-2.829034428941668011e-06,-1.868180055097923287e-09
-9.547685664301752695e-08,-3.466750058578327298e-06,1.123487414211865598e-09
-3.183742194323713193e-07,-3.969882982346462086e-06,-3.891248712140082944e-10
-5.088910484118969180e-07,-4.343780346971470863e-06,-2.381181252175679219e-09
-6.493082764791324735e-07,-4.631740011973306537e-06,-3.947103532908613488e-09
-7.560836934317194391e-07,-4.860138687945436686e-06,-5.515866430272353682e-09
-8.391106689487060066e-07,-5.043547389504965395e-06,-7.613733643552222929e-09
-9.199443411489482969e-07,-5.195725407247664407e-06,-9.333597006389027229e-09
6.746979579475009814e-07,-2.854437980204238556e-06,-5.704019923058467612e-09
2.899364801578485640e-07,-3.483137106741196476e-06,-3.124522640618465630e-09
-1.289459827802375003e-08,-3.975300387537572533e-06,-1.788211911879500349e-09
-2.413242441434704233e-07,-4.384172825666610152e-06,-1.977900287997158557e-09
-4.336783092639961978e-07,-4.701019406638806686e-06,-4.066632808275016941e-09
-5.775967224508349318e-07,-4.932044248562306166e-06,-6.566769794602578258e-09
-6.982891136431135237e-07,-5.122726179251912981e-06,-8.800252970786459628e-09
-7.977782274792843964e-07,-5.261073511064751074e-06,-1.094872992268847156e-08
-9.237906510861648712e-07,-2.803353709168732166e-06,1.523499548738982412e-08
-1.021242951537715271e-06,-3.405594043215387501e-06,7.819494385330472142e-09
-1.084472387447021902e-06,-3.887024831783492118e-06,5.077221421068145446e-10
-1.116850285143300425e-06,-4.267396889190422371e-06,-4.885183368941170556e-09
-1.137018898589303717e-06,-4.561736204777844250e-06,-9.414465651502723631e-09
-1.149569470726419240e-06,-4.788427304447395727e-06,-1.417732509167990429e-08
-1.160984538728371263e-06,-4.975857791578164324e-06,-1.910704128249562928e-08
-1.170192831523308996e-06,-5.132338174007600173e-06,-2.364336992854987329e-08
-3.361966776083136210e-07,-2.787762241496238858e-06,3.694659023167901069e-09
-5.459316980704898015e-07,-3.446687742325593717e-06,1.745416589038484290e-09
-6.907520173626835458e-07,-3.910925443051382899e-06,-2.744909854968113905e-09
-7.977874361131398473e-07,-4.282546797185204923e-06,-7.009736346930139916e-09
-8.775315336606581695e-07,-4.587836428981972858e-06,-1.138632299557684746e-08
-9.388485295858117752e-07,-4.817855824512662366e-06,-1.613170930170326756e-08
-9.923149946189369075e-07,-5.000064447813201696e-06,-2.104067675645637792e-08
-1.041027758219570387e-06,-5.157706709724152461e-06,-2.549060340584219375e-08
1.930155093532448518e-07,-2.804705445669242181e-06,-4.714349355339209069e-09
-9.813710022399391164e-08,-3.439862894083489664e-06,1.545664291002779578e-10
-3.218843858121545054e-07,-3.948582616430940107e-06,-2.605140769773583997e-09
-5.082843586023955140e-07,-4.327334863774012774e-06,-7.820689873483388510e-09
-6.408598096641071606e-07,-4.626289410225581378e-06,-1.263657267713824695e-08
-7.486825097657856531e-07,-4.871706096309935674e-06,-1.805721794312376005e-08
-8.348022788595699240e-07,-5.055672318121651188e-06,-2.370219931435713079e-08
-9.123602353611204308e-07,-5.204175522521836683e-06,-2.877457028205299139e-08
6.753157322236802429e-07,-2.820217332555330358e-06,-1.724187903562324209e-08
2.882995602249138756e-07,-3.460895413809339516e-06,-7.069196339415384500e-09
-7.779102695337769546e-09,-3.969904355471953750e-06,-4.398498898439129334e-09
-2.422084151021408616e-07,-4.369876023702090606e-06,-7.495021492331943591e-09
-4.279525001038564369e-07,-4.690831701736897230e-06,-1.331409738014599498e-08
-5.688349347110488452e-07,-4.929095211991807446e-06,-2.036277457762025733e-08
-6.884164918119495269e-07,-5.124048129800939932e-06,-2.716797808943738346e-08
-7.912364594631071668e-07,-5.268924724077805877e-06,-3.312757357321061136e-08
-9.175446962217392866e-07,-2.809122634062077850e-06,2.365037587992446788e-08
-1.015500743051234167e-06,-3.393914539628895000e-06,1.076766054097788583e-08
-1.079332378139952198e-06,-3.881343218381516635e-06,-4.100157366404566517e-11
-1.112739028030773625e-06,-4.267813437763834372e-06,-8.924709860025359376e-09
-1.131319322666968219e-06,-4.561778496281476691e-06,-1.628270496212280705e-08
-1.143131726166757289e-06,-4.795955192093970254e-06,-2.282699540501198499e-08
-1.151804553956026211e-06,-4.977360276825493202e-06,-2.829677292481846962e-08
-1.160531496680050623e-06,-5.131049874762538821e-06,-3.352209532181404938e-08
-3.363424809776915936e-07,-2.771115305222338066e-06,4.827346078428718101e-09
-5.456435019368655048e-07,-3.434203563301707618e-06,1.100583069124638769e-09
-6.898926585563458502e-07,-3.903477590938564390e-06,-5.262035696063094292e-09
-7.941423518786905333e-07,-4.277334028301993385e-06,-1.236425539730134915e-08
-8.745083732719649561e-07,-4.581142547976924106e-06,-1.949381989163612161e-08
-9.341779332316946238e-07,-4.812629867956275120e-06,-2.580903313287308265e-08
-9.845264230534667149e-07,-4.999013526685303077e-06,-3.183486896318754589e-08
-1.032376644616306294e-06,-5.157797204446978867e-06,-3.739096854360468569e-08
1.946729781820977223e-07,-2.788885240079252981e-06,-8.251562988448313263e-09
-9.940611533920673537e-08,-3.418613459871266969e-06,-8.792928052336890232e-10
-3.252262672504002694e-07,-3.927751095034182072e-06,-4.649116203125913671e-09
-5.026689677833928727e-07,-4.329569037508917972e-06,-1.277768202356810434e-08
-6.334613544822786935e-07,-4.639258349925512448e-06,-2.149286260078042687e-08
-7.379169346677372232e-07,-4.867456937063252553e-06,-2.969867729518682609e-08
-8.220764584621065296e-07,-5.057612725067883730e-06,-3.702531614635518054e-08
-9.000518730317708105e-07,-5.215457349549978971e-06,-4.367646155856164114e-08
6.723308842992992140e-07,-2.812627371895359829e-06,-2.838669921345626790e-08
2.914440244694560533e-07,-3.451522843533894047e-06,-1.175670760744651488e-08
-2.905064189206996161e-09,-3.973641923948889598e-06,-6.731340373988814463e-09
-2.392590943145478377e-07,-4.371059731056448072e-06,-1.136097083076492709e-08
-4.199310694730229443e-07,-4.696485120803117752e-06,-2.099741180927594542e-08
-5.587311306953779422e-07,-4.936409823130816221e-06,-3.186624653039871191e-08
-6.649542569903132971e-07,-5.124560630065388978e-06,-4.270621900559490314e-08
-7.696815487179264892e-07,-5.295417849993100390e-06,-5.213696141481705126e-08
-4.262937238763697678e-07,-6.127060714788967744e-06,-2.390168418742177892e-08
-3.527171941186679760e-07,-6.162305453472072259e-06,-2.057571713010020176e-08
-2.676845269888872281e-07,-6.202838903845986351e-06,-1.551032902114002354e-08
-1.630381234463129658e-07,-6.263931027206126601e-06,-9.538666745356749743e-09
-5.298337768522287661e-08,-6.328464223770424724e-06,-3.816504001719067674e-09
6.480768632854960742e-08,-6.398326149792410433e-06,1.240357483389686877e-09
1.477534254945567227e-07,-6.477705483121098951e-06,6.584305101142717831e-09
1.885725708916652366e-07,-6.527594905492151156e-06,1.202522526000393555e-08
-4.339506460837583290e-07,-6.064403351047076285e-06,-2.395650788855618885e-08
-3.602228844101773575e-07,-6.085774657549336553e-06,-2.100255436232600914e-08
-2.691452323233534116e-07,-6.120203579484950751e-06,-1.644836267189475620e-08
-1.630204451430472545e-07,-6.158582436910364777e-06,-1.097337154476463184e-08
-3.754712096792900411e-08,-6.205635600053938106e-06,-5.467130304026568410e-09
1.006038914397322515e-07,-6.273599865380674601e-06,-1.651103004318699163e-10
2.352388577264719061e-07,-6.346682312141638249e-06,5.571255901060112592e-09
3.559990489065967267e-07,-6.405386557162273675e-06,1.222984735704812920e-08
-4.456528586160857230e-07,-5.976209649816155434e-06,-2.309494107066711877e-08
-3.661177743197185919e-07,-5.984069957776227966e-06,-1.994449405628984096e-08
-2.719001770401519025e-07,-6.002366717439144850e-06,-1.645018343765514146e-08
-1.581652924187437748e-07,-6.017429313942557201e-06,-1.201863142341608182e-08
-2.604448567922190705e-08,-6.039781055733328685e-06,-6.500460170144606309e-09
1.403694085411189008e-07,-6.085926997911883518e-06,-7.784632383156520063e-10
3.204455936156591633e-07,-6.147487965790787712e-06,5.302667194229115921e-09
5.313244173521525227e-07,-6.213078449945896864e-06,1.296609397627435101e-08
-4.666044048917683540e-07,-5.863520527782384306e-06,-2.177497471222977765e-08
-3.793782354932773160e-07,-5.857103587914025411e-06,-1.900940560517483391e-08
-2.789323048091318924e-07,-5.847547981829848140e-06,-1.565299889705329406e-08
-1.618024469962620060e-07,-5.854142273165052757e-06,-1.110802116954801022e-08
-1.091198509328705768e-08,-5.837824119225842878e-06,-6.263048302201923434e-09
1.705902974435957731e-07,-5.827129825775045902e-06,-8.374169691016675188e-10
4.086707292572100414e-07,-5.842980044690193608e-06,4.944383125149443003e-09
7.186544053183752112e-07,-5.852733465872006491e-06,1.205475186338844651e-08
-4.965083917340962216e-07,-5.734460046369349584e-06,-1.982303032832533063e-08
-4.089957315045467112e-07,-5.695709660358261317e-06,-1.749881484158777312e-08
-3.031532287423033267e-07,-5.664376658387482166e-06,-1.393016635375943224e-08
-1.720254800829934538e-07,-5.616147973341867328e-06,-9.369719222718231322e-09
-2.299980206288410045e-09,-5.568389042309718207e-06,-5.114518142335100492e-09
2.028670706977209193e-07,-5.500137376657221466e-06,-1.202236199482342727e-09
4.864197649112611543e-07,-5.422154117695754394e-06,4.751229187860417369e-09
8.894492111721774563e-07,-5.326677637640386820e-06,9.946933943183466909e-09
-5.493675985235313419e-07,-5.607484581560129300e-06,-1.738337118695199024e-08
-4.550266510250366991e-07,-5.541254722629673779e-06,-1.485867251460604166e-08
-3.450933547810564050e-07,-5.477733338921098039e-06,-1.217494816074804476e-08
-2.022352703079377534e-07,-5.368593065213644877e-06,-8.283471686354459962e-09
-2.026224521500807896e-08,-5.261921614874154329e-06,-4.029784061998498146e-09
2.135280254833560321e-07,-5.116363809065660462e-06,-4.203834225169345018e-10
5.361970352169009857e-07,-4.920432274957420304e-06,3.602395048929452059e-09
1.002773615255136974e-06,-4.689271918323356658e-06,7.295764437031948546e-09
-6.163359103084076196e-07,-5.483389031724072993e-06,-1.495316404032109858e-08
-5.177523689781082794e-07,-5.380472885008202866e-06,-1.251191950046859347e-08
-3.991917481016571401e-07,-5.259253157419152558e-06,-9.580352511306955421e-09
-2.485720358436083188e-07,-5.110518486617365852e-06,-6.403684249534080664e-09
-5.642511879955236509e-08,-4.910206826025387272e-06,-2.861891834626817399e-09
2.016299589513437240e-07,-4.656847067963099107e-06,-7.634192722427712852e-10
5.474915951708680950e-07,-4.326503130869241431e-06,1.833566520836882319e-09
1.050465129992517177e-06,-3.946614469896303490e-06,4.272081799427951410e-09
-7.000571144999412354e-07,-5.355723715183557943e-06,-1.284732586981363056e-08
-5.939440939073392656e-07,-5.228092504694359377e-06,-1.023658491305923235e-08
-4.658344892050081398e-07,-5.057494036009302363e-06,-7.647441790936682082e-09
-3.103279482274956536e-07,-4.853365226153982803e-06,-4.632496608536484928e-09
-1.038742070136322582e-07,-4.570034889184171334e-06,-2.420227351862536125e-09
1.621001359808360576e-07,-4.210450697428314015e-06,-1.149220829610442252e-09
5.279014203551923856e-07,-3.748909875866957009e-06,-4.577597467747551718e-10
1.039105427480535582e-06,-3.202638708899030462e-06,-1.460728094038188374e-09
-4.278948892988410080e-07,-6.148735337774269283e-06,-7.164788939917343669e-08
-3.549886002929270035e-07,-6.178865533001953736e-06,-5.983133632980752736e-08
-2.608321949537639739e-07,-6.215209850779501721e-06,-4.506082262878408073e-08
-1.642986831029702444e-07,-6.266002401389414445e-06,-2.798024567596257839e-08
-5.350618081934044312e-08,-6.334227691695559770e-06,-1.182287068246523631e-08
5.565702920762305439e-08,-6.411071353795705363e-06,4.899405769975828662e-09
1.461365144450610387e-07,-6.485754056484438479e-06,2.035701385239008232e-08
1.842767147763879620e-07,-6.539009518746752292e-06,3.573682505475517246e-08
-4.341652299899578793e-07,-6.075663350202376023e-06,-7.203004059874729137e-08
-3.564346116036176682e-07,-6.100297468947246671e-06,-6.141426922567916336e-08
-2.601605899599235272e-07,-6.120430953160393983e-06,-4.834558353650209028e-08
-1.618769402966790949e-07,-6.162644694995833561e-06,-3.265344616920629051e-08
-4.028163047564703447e-08,-6.219200713530881330e-06,-1.642795588452372613e-08
9.784260868173078052e-08,-6.273793133004801348e-06,4.792862218216953352e-10
2.334711126650290680e-07,-6.337687409541103989e-06,1.720150066830683500e-08
3.505733445763326017e-07,-6.404647592717083171e-06,3.638363210711759166e-08
-4.431394131643173750e-07,-5.983532901154831052e-06,-7.038008931203876273e-08
-3.620522193159558810e-07,-5.987059921608306468e-06,-6.108282235572914942e-08
-2.624356056912802160e-07,-5.995101219014031813e-06,-4.931421671017233166e-08
-1.563453366770772845e-07,-6.036978447809815407e-06,-3.474828957905629068e-08
-2.561352729912869108e-08,-6.068613402021583170e-06,-1.899735835309002141e-08
1.364062285347245052e-07,-6.091947852837620303e-06,-2.061561366062392153e-09
3.187457480180455605e-07,-6.148186457721749321e-06,1.486079170831544616e-08
5.311214863468194380e-07,-6.206431862665340304e-06,3.690136196610183106e-08
-4.576380376875022193e-07,-5.875780061614932492e-06,-6.631798754597184598e-08
-3.716808123499504291e-07,-5.865310413355473429e-06,-5.838172256744655897e-08
-2.762376709597447189e-07,-5.839563982590334490e-06,-4.717037072055063618e-08
-1.599988621592274285e-07,-5.842632617714116350e-06,-3.433357065318887180e-08
-4.787945595552400846e-09,-5.844252427777973935e-06,-1.942672156474145595e-08
1.736105303962176549e-07,-5.844740371685475111e-06,-3.044934748785976808e-09
4.035519793887942797e-07,-5.850176876265322790e-06,1.395222071209900605e-08
7.069092475830984768e-07,-5.860673354618484154e-06,3.525003933191328542e-08
-4.924999643662886228e-07,-5.738027994084404781e-06,-6.010626663055518293e-08
-4.076711093148333021e-07,-5.710361620003823191e-06,-5.216764620286085119e-08
-3.053316106615966419e-07,-5.672076895280042663e-06,-4.212913751189262257e-08
-1.704528642676450545e-07,-5.609979780274443328e-06,-3.053314046042032714e-08
-7.779671129526377626e-09,-5.567437256104312837e-06,-1.760163748087961721e-08
2.051433085625831154e-07,-5.502237399923615158e-06,-3.847400176226756230e-09
4.826477493224956561e-07,-5.436515493784099817e-06,1.123234127931027615e-08
8.783785006016842090e-07,-5.347815204004291445e-06,2.851800573466789501e-08
-5.427986025097197853e-07,-5.630601663142442703e-06,-5.299472505271296541e-08
-4.517912373103172285e-07,-5.539379344554618001e-06,-4.479487358821643284e-08
-3.427807939715421526e-07,-5.452526238514110446e-06,-3.599206266358123685e-08
-2.015593025816997397e-07,-5.371778115659253672e-06,-2.509342778012069175e-08
-2.190618531017207715e-08,-5.256067652226192877e-06,-1.401998162009476800e-08
2.130653200538290548e-07,-5.103079729451565072e-06,-2.936004994680274649e-09
5.306184220899012871e-07,-4.921962954540504143e-06,8.119862116018339293e-09
9.929516409101779573e-07,-4.679257926909485832e-06,1.731922694148124720e-08
-6.063905289011017885e-07,-5.477977083501173183e-06,-4.553580623678499251e-08
-5.039265147388505284e-07,-5.379538833949482068e-06,-3.739637932653749886e-08
-3.949949984871636843e-07,-5.262269951344933361e-06,-2.906019958004435466e-08
-2.428880350180406822e-07,-5.092273568152450025e-06,-1.927462989215200651e-08
-5.398274183221474232e-08,-4.899421583104413003e-06,-1.067815347255418601e-08
1.994071539002106874e-07,-4.653843916457844898e-06,-2.750047078947659429e-09
5.423222546596662141e-07,-4.326318048697430640e-06,3.475978838096693835e-09
1.049352590598573443e-06,-3.949454367102589458e-06,5.720985019053159704e-09
-6.871045457046420779e-07,-5.357788722903933376e-06,-3.897903511074218841e-08
-5.819149464514339343e-07,-5.234443506196839735e-06,-3.184193175798100128e-08
-4.592907316691707820e-07,-5.057529961050022393e-06,-2.334515158963768044e-08
-3.016203038441744866e-07,-4.842455837206216529e-06,-1.545338612629620911e-08
-9.571579795419893344e-08,-4.555783561954740435e-06,-8.026844966479984578e-09
1.619611822434308124e-07,-4.210283350403187796e-06,-3.452907071377353532e-09
5.291408342600334436e-07,-3.754125827981624752e-06,-2.592660086619957838e-09
1.041311520566523541e-06,-3.196332045263261534e-06,-6.157165000075792705e-09
-4.295656310659978772e-07,-6.173171641421504319e-06,-1.251409287306159968e-07
-3.629054106113471789e-07,-6.186947757669258863e-06,-9.966117175963518093e-08
-2.719339136092457920e-07,-6.233191015780903399e-06,-7.220223352533139405e-08
-1.637009461319394177e-07,-6.280622073973063380e-06,-4.438905776282808802e-08
-5.904510302912058251e-08,-6.334134923235978931e-06,-1.751381262238282943e-08
5.316470108596149657e-08,-6.419344117603031918e-06,9.161574610061506974e-09
1.394173381186192273e-07,-6.495972684206208214e-06,3.391314606915329932e-08
1.772153126466946560e-07,-6.550635134772164747e-06,5.898845500951210852e-08
-4.364154335689818254e-07,-6.102153747633565217e-06,-1.250873822300491156e-07
-3.632319192092836602e-07,-6.115034921094775200e-06,-1.027997598157526227e-07
-2.772358698166499380e-07,-6.137384843896143138e-06,-7.869306983820933965e-08
-1.623275522888434352e-07,-6.169947937451070175e-06,-5.271840208820322005e-08
-4.424994060059361800e-08,-6.230008239072049037e-06,-2.593101910974837665e-08
9.347927942826572689e-08,-6.281395144469570369e-06,1.397456705909405628e-09
2.277460708910439280e-07,-6.356623089232016355e-06,2.846814695089960878e-08
3.428494608215260087e-07,-6.415390544134424999e-06,5.953037174322162173e-08
-4.488603337904351065e-07,-5.988626526232110336e-06,-1.214415590311546111e-07
-3.695713814977352740e-07,-6.006709554640110582e-06,-1.020065028001226892e-07
-2.733930557496933034e-07,-6.024698450346477330e-06,-7.973712001785315806e-08
-1.599967021093107178e-07,-6.043211215001065284e-06,-5.604773534173546068e-08
-2.416193112253495201e-08,-6.081260835344437510e-06,-3.040871021653401840e-08
1.308883810224870103e-07,-6.109936293796636164e-06,-2.905512053175129950e-09
3.233332961372070713e-07,-6.150101853563683107e-06,2.563900025620569068e-08
5.265208642413199414e-07,-6.198838946147589013e-06,6.144870923208145541e-08
-4.726955182832170976e-07,-5.892009539820719510e-06,-1.135788849637719977e-07
-3.855214174564025598e-07,-5.883498488401528448e-06,-9.658319299887807574e-08
-2.767649220913881436e-07,-5.853639322594972327e-06,-7.710750082878803369e-08
-1.584187003800252569e-07,-5.854958999407244846e-06,-5.509106060230806179e-08
-9.685162005723668699e-09,-5.854872142663225532e-06,-3.120130642741969496e-08
1.757290846171599696e-07,-5.866559604328358546e-06,-4.895203797872227369e-09
4.033795732993894489e-07,-5.853574748471146449e-06,2.255772102444097982e-08
7.088606253091711551e-07,-5.836677701154258102e-06,5.766590760458711884e-08
-4.989954049960942939e-07,-5.778489594376878813e-06,-1.021170987769437488e-07
-4.020053268050105544e-07,-5.726326889998745173e-06,-8.701617559836449800e-08
-3.014942251411412144e-07,-5.681889888364821672e-06,-6.905453631134150783e-08
-1.696147364782518707e-07,-5.626659913104958832e-06,-4.848570966942133964e-08
-4.062282510375325728e-09,-5.583513029705500230e-06,-2.767224671629264776e-08
2.046406706313064205e-07,-5.507658897840883583e-06,-5.956518389638176814e-09
4.781542770615487825e-07,-5.442800102173350751e-06,1.817014094740443397e-08
8.699814770807279274e-07,-5.348695594875607640e-06,4.671215236839998397e-08
-5.336418666956888046e-07,-5.644005796057172120e-06,-8.877291435283041210e-08
-4.447404364782414632e-07,-5.552460606850218028e-06,-7.436609195110577275e-08
-3.309064595669042319e-07,-5.478629191202344373e-06,-5.828283988762450463e-08
-2.021606064772640821e-07,-5.367145149648422375e-06,-4.024338196018106828e-08
-2.265153042912970704e-08,-5.264797437121160328e-06,-2.235035090336623398e-08
2.093051847396054654e-07,-5.089696514914976433e-06,-4.425678934438792567e-09
5.252493338048225269e-07,-4.928431735606864095e-06,1.282596429064142285e-08
9.815544217417482287e-07,-4.688699391408590600e-06,2.773518659182627744e-08
-5.934636533311277162e-07,-5.507762580236885697e-06,-7.516096900417323923e-08
-4.933567652187775820e-07,-5.391117156250402331e-06,-6.149618769768494531e-08
-3.825686860636778874e-07,-5.247292847343487665e-06,-4.737863434911560034e-08
-2.456082199842057889e-07,-5.106518983666319400e-06,-3.156235095502779586e-08
-4.808169862258182548e-08,-4.914233159070136026e-06,-1.702646734713653132e-08
1.979539803187435609e-07,-4.652180450648302212e-06,-3.823547256587289667e-09
5.369141149458300788e-07,-4.327850547269918025e-06,5.939302827329129286e-09
1.046917304847738706e-06,-3.956972705054795370e-06,8.089148906265108963e-09
-6.701234838146774564e-07,-5.385486929299077019e-06,-6.287761067369501689e-08
-5.704373506887350231e-07,-5.230206170381279662e-06,-5.074804931837206823e-08
-4.522341612300806446e-07,-5.066860012448159978e-06,-3.724463581988857186e-08
-3.001856043738371227e-07,-4.840764631808269769e-06,-2.422603095908471005e-08
-9.613668083829907118e-08,-4.553188773570582271e-06,-1.306583374827141597e-08
1.629968977567841648e-07,-4.211415671306895092e-06,-5.539360525830261395e-09
5.309929065333562903e-07,-3.763904032894060947e-06,-4.655063445824225710e-09
1.035890591083443724e-06,-3.198487320332787931e-06,-1.066756638579136052e-08
-1.984051323233870789e-07,-6.367995410982985049e-06,-1.260733029084804002e-08
-1.688761557261386770e-07,-6.370521532517159358e-06,-1.088118040115659824e-08
-1.433255647498299368e-07,-6.387314897438045591e-06,-9.226354791280755308e-09
-1.138125824695634947e-07,-6.417139047698583454e-06,-7.874220386838715058e-09
-8.052619904219682212e-08,-6.450032742577604949e-06,-6.782591821519190489e-09
-4.861132296696268895e-08,-6.484156074293423444e-06,-5.920701706685349563e-09
-2.411031729820933833e-08,-6.519140697491820902e-06,-5.413887560479224703e-09
-8.654974514854529843e-09,-6.552891136379912496e-06,-4.900333916424415293e-09
-2.355335197989916196e-07,-6.336256774375215173e-06,-1.480913081053358837e-08
-2.083203156644231058e-07,-6.343628683680435643e-06,-1.303956853604404387e-08
-1.785357426342670806e-07,-6.356543963192962110e-06,-1.112427483462852251e-08
-1.494660750722687226e-07,-6.386503173416713253e-06,-9.396600830768875312e-09
-1.165190326446463587e-07,-6.420717454602709040e-06,-8.072859714047808666e-09
-7.917511624100370682e-08,-6.454544291045749560e-06,-6.951180520076150060e-09
-4.372369843963497260e-08,-6.486126039817463607e-06,-6.118877404759359706e-09
-1.731403287408284086e-08,-6.515794666483998299e-06,-5.660866886358917327e-09
-2.720251188748079585e-07,-6.306805971689755097e-06,-1.714484554327100341e-08
-2.530111657961242599e-07,-6.311891411314718425e-06,-1.550635886360396398e-08
-2.270777770263521234e-07,-6.331220902211498469e-06,-1.360939716477105321e-08
-1.912324307795643108e-07,-6.361399300658376887e-06,-1.138482197404755425e-08
-1.561199951538583264e-07,-6.398563073162222281e-06,-9.367125741732706956e-09
-1.163248910529546265e-07,-6.436933745135320351e-06,-7.779322075407435477e-09
-7.157370163213272463e-08,-6.469917934737168252e-06,-6.518289463741666623e-09
-2.640599561232193082e-08,-6.499431947304401547e-06,-5.930075541726864685e-09
-3.118010170055640629e-07,-6.274413408391410485e-06,-1.898395396437990712e-08
-2.946066217646148289e-07,-6.288854820013511926e-06,-1.733306831397385395e-08
-2.678438590919540729e-07,-6.308991487458115444e-06,-1.536163729554118618e-08
-2.375471552795715979e-07,-6.340790150716202334e-06,-1.303869634483589834e-08
-1.931850732717066421e-07,-6.383070740412222221e-06,-1.061696153215052618e-08
-1.469281585286807967e-07,-6.428932010749122128e-06,-8.318322031186653476e-09
-9.442855031238650554e-08,-6.470566404459532350e-06,-6.578246836141943277e-09
-3.290707795144953707e-08,-6.502345968328882009e-06,-5.646499712241848101e-09
-3.515429796152602648e-07,-6.250612841540714726e-06,-2.109195484933934495e-08
-3.301264541732962243e-07,-6.269332061492605135e-06,-1.914788683166079863e-08
-3.045005882995610591e-07,-6.295573257375508547e-06,-1.678150596262639738e-08
-2.664569649368786486e-07,-6.329324151010951027e-06,-1.406292060579517056e-08
-2.178200162461507716e-07,-6.381013008649460971e-06,-1.118783110598542407e-08
-1.604536521426780382e-07,-6.432661848521092907e-06,-8.244125382361744414e-09
-9.829485492218736908e-08,-6.488234703283524141e-06,-5.791841228841576594e-09
-3.478077914564892126e-08,-6.526509878312936053e-06,-4.347114224145798289e-09
-3.845655101031297818e-07,-6.224910521268611774e-06,-2.274370736188302544e-08
-3.558852768037468195e-07,-6.250118531170301139e-06,-2.020536804536732234e-08
-3.201399465524445986e-07,-6.287541054916800931e-06,-1.734768595440527861e-08
-2.708681563490245026e-07,-6.324914920696755871e-06,-1.403944072109197805e-08
-2.080073784327396424e-07,-6.379276783263776451e-06,-1.042120523209177918e-08
-1.426936080406449037e-07,-6.445106464525451884e-06,-6.766643689815055041e-09
-7.182716643683306756e-08,-6.514782398880925030e-06,-3.719543562041849327e-09
-2.154649436647559924e-08,-6.565386684087570757e-06,-1.637262436737785265e-09
-4.038490430957608623e-07,-6.199103154358454049e-06,-2.372938112671363342e-08
-3.633490734955557855e-07,-6.229102837096434087e-06,-2.057067760574682325e-08
-3.096640455169108463e-07,-6.269139248615829274e-06,-1.719542908062976494e-08
-2.417743587557197316e-07,-6.319158273981884122e-06,-1.299717133917965839e-08
-1.590781124605200603e-07,-6.384702373907202855e-06,-8.277009300172721851e-09
-7.840494475885861902e-08,-6.466766535595525056e-06,-4.228496219838007164e-09
-1.108089531243194870e-08,-6.550033958774292842e-06,-4.682775833764196705e-10
1.056613019301266831e-08,-6.599690095754340291e-06,2.934536391663300492e-09
-4.201097567602118943e-07,-6.165098056953866035e-06,-2.396956055861210189e-08
-3.630585752034676261e-07,-6.203571047080913559e-06,-2.051721992302191211e-08
-2.872951085919339675e-07,-6.247465989872580394e-06,-1.592832887808981468e-08
-1.991928115785412956e-07,-6.304180715233087540e-06,-1.012411843248628429e-08
-1.018407900232887187e-07,-6.382400442817015573e-06,-4.800277064731517385e-09
-1.658116488556515833e-08,-6.464197213063016534e-06,4.440166845309789778e-10
3.881324417420728423e-08,-6.539599326060852036e-06,5.638924438500225733e-09
3.847647533916642715e-08,-6.599595963052706793e-06,1.100885782534533064e-08
-1.976846419893263374e-07,-6.385896995197981596e-06,-3.535863157821950153e-08
-1.699903293683746597e-07,-6.382402716553770006e-06,-3.032119266777044686e-08
-1.386901971045517712e-07,-6.391233910107985139e-06,-2.582751967850072106e-08
-1.102454589840817789e-07,-6.421059879357926548e-06,-2.234058449346321140e-08
-7.786690758848635596e-08,-6.435361228795954958e-06,-1.906304447629736387e-08
-5.035637329342534940e-08,-6.465452770498814061e-06,-1.669494942291294137e-08
-2.647896835128449311e-08,-6.505951205326709896e-06,-1.508670877115037001e-08
-8.814448726468526729e-09,-6.552401373483007774e-06,-1.394850990266149893e-08
-2.347327523466447019e-07,-6.353251137625193223e-06,-4.195115721472575387e-08
-2.071134304060251452e-07,-6.365743047354044393e-06,-3.669586590149265248e-08
-1.772576752046006732e-07,-6.366723482642555609e-06,-3.148899452298792312e-08
-1.466855934495470137e-07,-6.387667326634982601e-06,-2.650821251393153943e-08
-1.162786347208566440e-07,-6.419176315830554813e-06,-2.224258288663349958e-08
-7.753354935857714736e-08,-6.432823283830657601e-06,-1.877764788105196203e-08
-4.466157221827415924e-08,-6.463106274168239906e-06,-1.646973046831590182e-08
-1.763408974397862039e-08,-6.496172773040598258e-06,-1.543649297275351273e-08
-2.729520929278805852e-07,-6.319537988019874319e-06,-4.920142870901145216e-08
-2.544362018852552865e-07,-6.325924914563074708e-06,-4.412932241848466219e-08
-2.217035586227211752e-07,-6.357962320180376992e-06,-3.793494585124790319e-08
-1.920186889492470073e-07,-6.368552931235171854e-06,-3.207786747339014255e-08
-1.568662924000818748e-07,-6.400186521204886958e-06,-2.587580283375245926e-08
-1.159626137336999818e-07,-6.432655936805531383e-06,-2.158992806755577476e-08
-6.840202360081093502e-08,-6.454754839069209993e-06,-1.771583235665730172e-08
-3.065180109729226388e-08,-6.477957413153490052e-06,-1.646619729456233472e-08
-3.143386493320576847e-07,-6.293739261309383437e-06,-5.646528222769120475e-08
-2.964732459531660425e-07,-6.307869170996127650e-06,-5.075421327660478710e-08
-2.716329277063778136e-07,-6.325431968434713781e-06,-4.412480336668522796e-08
-2.305812643044191645e-07,-6.361016858136281371e-06,-3.720553465313969355e-08
-1.946084751125454204e-07,-6.383017080224817619e-06,-2.964595147147974785e-08
-1.466557222329356591e-07,-6.429556378861889243e-06,-2.321263714577526116e-08
-8.878604518258725875e-08,-6.462641522375633940e-06,-1.800114723948809115e-08
-3.945396187532423937e-08,-6.492277861980255693e-06,-1.631298829352090252e-08
-3.513761441809037933e-07,-6.276526619330979884e-06,-6.278188635633341619e-08
-3.324488204725639662e-07,-6.287551968853222206e-06,-5.690639781619211135e-08
-3.055877186852740124e-07,-6.311580364126712084e-06,-4.893554006457634387e-08
-2.633184124078979949e-07,-6.344782377709634602e-06,-4.044991186447077780e-08
-2.159111573973859777e-07,-6.377413683367194608e-06,-3.155054884018682060e-08
-1.603151247309142491e-07,-6.427709649869939312e-06,-2.307512936283728777e-08
-9.907855513802132918e-08,-6.479532203229609877e-06,-1.592676035500062426e-08
-3.695253880664495227e-08,-6.526642209792044014e-06,-1.229110502265484683e-08
-3.811550186583190225e-07,-6.257351742533501238e-06,-6.753661807579192100e-08
-3.551394911482930183e-07,-6.274626230151625350e-06,-6.044705003205308458e-08
-3.185051582477171905e-07,-6.299905635387403890e-06,-5.098695510241668671e-08
-2.683314335172326537e-07,-6.341657808661693707e-06,-4.022324162633594824e-08
-2.113512209689361043e-07,-6.382669653248740360e-06,-2.913217755917685281e-08
-1.446240531777220895e-07,-6.439382104872493073e-06,-1.853430475762252172e-08
-7.304372928729208070e-08,-6.514444066851865500e-06,-9.546381463110265031e-09
-2.210775207345250237e-08,-6.564744126080768183e-06,-3.259669645316876085e-09
-4.063938945364498068e-07,-6.227601261343806982e-06,-7.051635719790283474e-08
-3.680724773857946275e-07,-6.253630999708548188e-06,-6.152031772899135831e-08
-3.085764035404281458e-07,-6.290880719461711124e-06,-4.988158863739045046e-08
-2.430506356176920235e-07,-6.329659754555905238e-06,-3.691747707534887013e-08
-1.607651256563258357e-07,-6.380879767675651237e-06,-2.369150031711342308e-08
-8.365429238210708718e-08,-6.458648840634850785e-06,-1.178001696189312497e-08
-1.628307799705908110e-08,-6.542004939547041431e-06,3.656660044204507187e-11
8.967721676356177340e-09,-6.603687324968632311e-06,1.073987121458230831e-08
-4.241805982019286603e-07,-6.193381523189600557e-06,-7.169163751541418605e-08
-3.663692780264682369e-07,-6.227665380720281973e-06,-6.000188079724466661e-08
-2.866870829620893346e-07,-6.271001439017709345e-06,-4.553302801468817052e-08
-2.030012353770871414e-07,-6.312774075922789052e-06,-2.961895617659138225e-08
-1.088895302814307797e-07,-6.379079877660842612e-06,-1.375339131470809662e-08
-2.075537608448030369e-08,-6.473557277786312625e-06,2.406024046663901572e-09
3.673780568647089240e-08,-6.549116278620203957e-06,1.791285342278570170e-08
3.482096033735615492e-08,-6.605091130040818825e-06,3.488263189410645282e-08
-1.932861835030053044e-07,-6.366286925185704604e-06,-5.567155270114199084e-08
-1.655691477253640187e-07,-6.374769327521789819e-06,-4.829587751942199247e-08
-1.361356680718017742e-07,-6.385382221196778119e-06,-4.146038889984993148e-08
-1.028645257861171558e-07,-6.411439244402572513e-06,-3.486390554030549538e-08
-7.258261547349320608e-08,-6.443090569518972188e-06,-3.025036576786988007e-08
-4.345687543150233978e-08,-6.479870080511318520e-06,-2.644680030527979397e-08
-1.607415001103618124e-08,-6.504423254227731377e-06,-2.310120272852600465e-08
3.858080521723650236e-09,-6.539981313835596666e-06,-2.103349849846836150e-08
-2.313531268782753614e-07,-6.342240794765530154e-06,-6.806845931350835599e-08
-2.031384269685077015e-07,-6.344665962387807667e-06,-5.911482858778072114e-08
-1.745314222034721752e-07,-6.362302883644588292e-06,-5.048999796031239384e-08
-1.432526488542862353e-07,-6.382253104675328359e-06,-4.258449592953184037e-08
-1.090484929022750293e-07,-6.414110885089030489e-06,-3.531465253558963013e-08
-7.394748280376006733e-08,-6.456028131651692092e-06,-3.027501449537339795e-08
-3.915587498681816214e-08,-6.487040081992745399e-06,-2.614014071866677114e-08
-8.381245031330308848e-09,-6.503581971628591418e-06,-2.412053667910640797e-08
-2.778609768938622437e-07,-6.325120466499356553e-06,-8.101464743504038779e-08
-2.535310557050252100e-07,-6.330675205390434712e-06,-7.171658467086672317e-08
-2.235881453316324041e-07,-6.340771506074815989e-06,-6.106456140742011485e-08
-1.885424012471048627e-07,-6.363824923028005287e-06,-5.090052823675250693e-08
-1.503562145899195457e-07,-6.393527655745856464e-06,-4.203704051519707718e-08
-1.092748860287429125e-07,-6.430138910218374804e-06,-3.422226058091837331e-08
-6.507941208155898494e-08,-6.475906502600992098e-06,-2.877022531322381838e-08
-2.036378177194819727e-08,-6.485507128672907129e-06,-2.615774086223154882e-08
-3.258299159369926201e-07,-6.320627562672598287e-06,-9.385544075257712393e-08
-3.020470273895625724e-07,-6.315328391792718321e-06,-8.360479597513403860e-08
-2.726243906181480270e-07,-6.328885774564696476e-06,-7.186469730413591606e-08
-2.379988188749848632e-07,-6.349133855110267177e-06,-5.917252465792444127e-08
-1.970601175571573549e-07,-6.389725513145094737e-06,-4.737451320124819176e-08
-1.443127217726214440e-07,-6.423289505619322881e-06,-3.773254420025295985e-08
-8.898167180859672953e-08,-6.464174020948121324e-06,-2.937342991060631903e-08
-2.959326295126629702e-08,-6.488108738267328590e-06,-2.541026056235295982e-08
-3.623752320436324226e-07,-6.307175681286025792e-06,-1.059836804984115588e-07
-3.455181740719126537e-07,-6.317378847597865388e-06,-9.362222641584594385e-08
-3.098373895227268804e-07,-6.322750323306536302e-06,-7.983843630654519075e-08
-2.684144817521882942e-07,-6.344097528199199587e-06,-6.474676439438553643e-08
-2.217318240127497120e-07,-6.382750143529847264e-06,-4.981060541808801645e-08
-1.624757572926682769e-07,-6.428999313357053325e-06,-3.741270759860526596e-08
-1.005920111651903426e-07,-6.499114078906131908e-06,-2.527454334710910189e-08
-3.641796908482319850e-08,-6.527217919938266277e-06,-2.019716838219665078e-08
-3.909282781933143269e-07,-6.281919013417791575e-06,-1.154242212919598387e-07
-3.671819968076306395e-07,-6.298329481069231406e-06,-1.001233655983924109e-07
-3.318479002700769342e-07,-6.320266493275994435e-06,-8.297094922227188363e-08
-2.760500592557946220e-07,-6.341013431665487587e-06,-6.437927879687777022e-08
-2.164420607186912093e-07,-6.390188900695648044e-06,-4.591299784806324169e-08
-1.474759443453876884e-07,-6.447755822591716424e-06,-2.978600832648226060e-08
-7.777176591616807855e-08,-6.526738161483081058e-06,-1.555073936287953984e-08
-2.279120892012542754e-08,-6.579209639312466606e-06,-5.668572722328235614e-09
-4.108610767161735566e-07,-6.246122211450710893e-06,-1.224606194227817468e-07
-3.730647506472450914e-07,-6.263854629651177675e-06,-1.026465028530765267e-07
-3.246188668981631054e-07,-6.299140295595861971e-06,-8.131039663794581429e-08
-2.508284069335786626e-07,-6.339314950309926644e-06,-5.931176261242399050e-08
-1.688189854576194193e-07,-6.397357537935022265e-06,-3.813944715602701763e-08
-8.647028693076208583e-08,-6.471651431638747454e-06,-1.938380300714470650e-08
-1.488030942908835641e-08,-6.540706181112909690e-06,2.530831932912036564e-10
7.570169380244351487e-09,-6.612001016037538648e-06,1.831310925126672373e-08
-4.225607597163616447e-07,-6.214262157300254330e-06,-1.251330843388132052e-07
-3.674803394915215904e-07,-6.229455266293371096e-06,-1.000371057102711347e-07
-2.912711067892814754e-07,-6.284464689088054001e-06,-7.381495947811345104e-08
-2.056511902992497198e-07,-6.334381396300159395e-06,-4.694133082239204668e-08
-1.128416116102926026e-07,-6.390248472598614171e-06,-2.029140233616999467e-08
-2.372857110799486691e-08,-6.470024800364626572e-06,5.702695649034694725e-09
3.094497813549423881e-08,-6.549181307491380721e-06,3.141763116332185746e-08
2.653336039770692878e-08,-6.599894732062239200e-06,5.892581356192749809e-08
-1.412596617456074455e-07,-6.485712674475507811e-06,-6.670734631342156717e-09
-1.148948385321091337e-07,-6.494979970739223063e-06,-5.731073837722533426e-09
-8.723808520016973489e-08,-6.503989880002336577e-06,-4.989034518843027399e-09
-6.078193592884417740e-08,-6.514395408885320649e-06,-4.464142389082326190e-09
-3.529271097590935824e-08,-6.529194706672569737e-06,-4.212445059437186501e-09
-6.611425629188261155e-09,-6.546200438606319949e-06,-4.141195386608842455e-09
1.552767869839044579e-08,-6.570016921614296734e-06,-4.089643734772607786e-09
3.216466737399059639e-08,-6.602288067369954661e-06,-4.117644447632073934e-09
-1.452307714089329238e-07,-6.461169959948165342e-06,-7.586248074176182854e-09
-1.181826974061550573e-07,-6.466130798798985779e-06,-6.703686050713031364e-09
-8.959917607853640220e-08,-6.474351721408311278e-06,-6.005785646578942760e-09
-6.442474642653905903e-08,-6.484459845523815602e-06,-5.505922384685391080e-09
-4.023376831696623412e-08,-6.501608368125744164e-06,-5.202097863588051041e-09
-1.862785481421269651e-08,-6.526004654006101191e-06,-5.056063567820956450e-09
-7.839093818517994805e-10,-6.557739652635063976e-06,-4.923923935251650619e-09
1.388393844337088012e-08,-6.590593784494558349e-06,-4.594674418711974795e-09
-1.567388636658506584e-07,-6.430288522096816450e-06,-9.024477165553435043e-09
-1.294069420509913471e-07,-6.430956545955268666e-06,-8.009648055917750753e-09
-1.017338107089926780e-07,-6.437578576878877357e-06,-7.105396715445522204e-09
-7.637235199808856123e-08,-6.455434231611434370e-06,-6.371905225677210183e-09
-5.117278689681370452e-08,-6.480766387539915740e-06,-5.795189661483846066e-09
-2.711047031311863975e-08,-6.511340870929416269e-06,-5.454535934035220635e-09
-8.754052593928918213e-09,-6.548398687300505117e-06,-5.158095728319267437e-09
2.863519643625522804e-09,-6.586242307093925774e-06,-4.800783326430746456e-09
-1.743293722711314331e-07,-6.396602657332550734e-06,-1.075042455056518520e-08
-1.467817440925500705e-07,-6.395825494109885767e-06,-9.362969066728510370e-09
-1.198715295913643786e-07,-6.410034984583035111e-06,-8.052428057681026985e-09
-9.201065864772317582e-08,-6.435707746277330443e-06,-6.968269072871180470e-09
-6.240616556851819041e-08,-6.468801075243391097e-06,-6.144837083610354966e-09
-3.502351475503928668e-08,-6.504722023237263784e-06,-5.623678855926073084e-09
-1.344485678345108681e-08,-6.543607469211565331e-06,-5.246849621443061551e-09
-2.828083989214746907e-09,-6.577144176844740286e-06,-4.771182116058980682e-09
-1.417319026586483233e-07,-6.484680852736346424e-06,-1.884407829777501320e-08
-1.116801158218549972e-07,-6.485965968749951571e-06,-1.622121281741328858e-08
-8.234778903215556056e-08,-6.487473910965491086e-06,-1.370034308223466724e-08
-5.399362734692658705e-08,-6.496870355476858094e-06,-1.172774499735851350e-08
-2.673956700505186745e-08,-6.516531357192434371e-06,-1.070870681019187032e-08
7.345914987411106267e-10,-6.542032679135445505e-06,-1.031106933169212425e-08
2.248036778951245651e-08,-6.577201020263601094e-06,-1.045411579525534762e-08
3.581842022981618356e-08,-6.618161023652646691e-06,-1.062533527829145896e-08
-1.447010333777143387e-07,-6.462089004344306886e-06,-2.155039879880860099e-08
-1.165467864439051482e-07,-6.458318239310756326e-06,-1.877988964338328515e-08
-8.934907924640356214e-08,-6.461184511863393709e-06,-1.673090110898556304e-08
-6.300042088014379260e-08,-6.472920631495071575e-06,-1.482347311565490600e-08
-3.642974988338210096e-08,-6.491220119642093778e-06,-1.340414623740571187e-08
-1.212246569792796436e-08,-6.516317171190166846e-06,-1.297152962820291577e-08
3.132076376033410270e-09,-6.549661520693916827e-06,-1.279068051474041567e-08
1.652272274554889009e-08,-6.591764304175740108e-06,-1.240189817508507986e-08
-1.550924224602567847e-07,-6.438907348638167605e-06,-2.525787579088500934e-08
-1.301429364275463740e-07,-6.432439931813860312e-06,-2.219746875198325142e-08
-1.019065436480559583e-07,-6.435960131057072431e-06,-1.985030273488064267e-08
-7.479444974478610675e-08,-6.450537966884439811e-06,-1.770288449165491329e-08
-4.885776760943372210e-08,-6.472785116784507409e-06,-1.587458875462743890e-08
-2.479886163087030582e-08,-6.498622951767174527e-06,-1.457464637866223711e-08
-9.837388681432912563e-09,-6.538913112308364362e-06,-1.368851343386268127e-08
-3.003773965670752943e-11,-6.585616119991755113e-06,-1.307651231741147058e-08
-1.728705854020518018e-07,-6.413310984498821199e-06,-2.966066503518050013e-08
-1.437397543213592144e-07,-6.402217422873945907e-06,-2.585323422010787908e-08
-1.171398409383073158e-07,-6.420076715585310012e-06,-2.273650956396977563e-08
-8.736751766491579474e-08,-6.433610906242392957e-06,-1.999217502657302248e-08
-6.131961782784856041e-08,-6.458057669078698382e-06,-1.745250877149828739e-08
-3.813776672245694499e-08,-6.487829523393884301e-06,-1.566695040366994363e-08
-1.998196452746014984e-08,-6.527300229208776727e-06,-1.448702491302356066e-08
-6.406675634451630685e-09,-6.586801646335516125e-06,-1.368186985928332433e-08
-1.252849557431545691e-07,-6.476352609752211720e-06,-2.459959702605374332e-08
-9.807545353623936535e-08,-6.481670880020828918e-06,-2.187027803302044049e-08
-7.158926251804587082e-08,-6.489621227956376970e-06,-1.937955040887118230e-08
-4.660776298237578885e-08,-6.508731530630029738e-06,-1.735415722237121372e-08
-2.218927974695361627e-08,-6.529745405714493245e-06,-1.623550005547258479e-08
1.415021433359697767e-09,-6.547739303641719744e-06,-1.585000397597013944e-08
2.497502649134730746e-08,-6.579068212886340916e-06,-1.605545207894465420e-08
4.302954792478885793e-08,-6.623876743105938658e-06,-1.646588465575860027e-08
-1.279998258496561903e-07,-6.454005870182299986e-06,-2.957880518295041838e-08
-1.031059824185831530e-07,-6.454387857957044616e-06,-2.689731459781796730e-08
-7.849163097262135125e-08,-6.460140866693109274e-06,-2.447750979683860351e-08
-5.480059073192933283e-08,-6.469206709880381823e-06,-2.233397111695012427e-08
-2.978785218488155806e-08,-6.486609436251455918e-06,-2.092169459899650974e-08
-9.966139025152642716e-09,-6.527321147586917505e-06,-2.027780077185070695e-08
9.748693408084818657e-09,-6.567048785655060783e-06,-1.970417606855789927e-08
2.500316398368340742e-08,-6.605393082281807438e-06,-1.910711766583972349e-08
-1.403055875925929286e-07,-6.424635557777946815e-06,-3.682696814166774857e-08
-1.161632141588597733e-07,-6.429760105675086379e-06,-3.360108991046217852e-08
-9.107817078302105074e-08,-6.440919150918489322e-06,-3.025826345037785359e-08
-6.349836922936447081e-08,-6.454127287724986672e-06,-2.734265258652612829e-08
-4.004305864668822323e-08,-6.473298071796307340e-06,-2.462393489111036615e-08
-1.907303825987582968e-08,-6.504029443021863699e-06,-2.278677158074060571e-08
-3.681715821102216069e-09,-6.548942110384814441e-06,-2.152696332302639348e-08
8.862305556078808877e-09,-6.593749276362359524e-06,-2.033422852321109531e-08
-1.629321815244111349e-07,-6.397645393008133397e-06,-4.554610910645351396e-08
-1.366269799518704531e-07,-6.392901013896334916e-06,-4.063643999074884050e-08
-1.084872351952981262e-07,-6.410405603674007580e-06,-3.517986257861593913e-08
-7.937639878718982800e-08,-6.434347142203478143e-06,-3.080790733633875789e-08
-5.188394069932655839e-08,-6.461236807808745652e-06,-2.717502312066244485e-08
-2.629483830673962075e-08,-6.491439762612571940e-06,-2.420179967543845123e-08
-7.345998920271767929e-09,-6.523817319248337299e-06,-2.244026298114931706e-08
7.586483441457403387e-09,-6.583058620890369639e-06,-2.133792875724793703e-08
4.990043933617016592e-08,-6.674414635199354962e-06,-4.467778591532578503e-09
6.488976822538461420e-08,-6.785200184822315350e-06,-4.190613633880957423e-09
3.104328882841400628e-08,-6.651680450886487961e-06,-4.445174450751210316e-09
4.950966925321154122e-08,-6.771052994736237451e-06,-4.127034269885143658e-09
1.516115233357595571e-08,-6.642782409471692517e-06,-4.612093373879133651e-09
1.827980966595532664e-08,-6.760564701835392043e-06,-4.056722513468002944e-09
-1.110190606112837486e-09,-6.625492915190989152e-06,-4.715454249293316025e-09
-3.306904527988763220e-09,-6.742025107087101787e-06,-4.178557500011947923e-09
5.025556859550306399e-08,-6.679131729470100254e-06,-1.075517808146742027e-08
6.208374969673968735e-08,-6.790499355702195317e-06,-1.089810375276556442e-08
2.987825453715231561e-08,-6.652377578575396910e-06,-1.190137854933936978e-08
4.175801748829144344e-08,-6.775681868020910770e-06,-1.049778930450884218e-08
1.002191130083929238e-08,-6.641257186856819317e-06,-1.216388856306593880e-08
2.358870077046049119e-08,-6.761862096027471125e-06,-1.045595965365464508e-08
-1.726799592205452427e-09,-6.640636001975508407e-06,-1.258275350579651786e-08
4.424496768962171700e-09,-6.745174232491990551e-06,-1.100371704865210631e-08
6.063634572228693287e-08,-6.685873358946992084e-06,-1.698440144082269398e-08
6.904021887521594181e-08,-6.790814495616359636e-06,-1.712568753475807171e-08
4.172885681441584893e-08,-6.665333785349503160e-06,-1.845523378563029837e-08
4.657859520307283674e-08,-6.781480806239414960e-06,-1.724400888747368299e-08
2.073172211680684995e-08,-6.637946171395014971e-06,-1.899402946037298534e-08
2.510335050942558155e-08,-6.767090326320612803e-06,-1.750089140273303201e-08
6.963905452295193754e-09,-6.634983037656638771e-06,-1.930089332802253921e-08
9.238751097484509955e-09,-6.753431534889386967e-06,-1.734208154857697082e-08
-1.183107769975322299e-06,-5.247762146609602496e-06,-8.674538420905264502e-09
-1.181424750029691495e-06,-5.339628387446282431e-06,-9.598196015758730937e-09
-1.086981228581862524e-06,-5.270551355351926759e-06,-9.477233220422931481e-09
-1.110980406338057946e-06,-5.355659141059732065e-06,-1.036261743081468012e-08
-9.863272225629771128e-07,-5.310671895131235942e-06,-1.072343991381785600e-08
-1.032294221658958122e-06,-5.389400030253455043e-06,-1.154995477037346063e-08
-8.854111115397245158e-07,-5.370571670937351882e-06,-1.238261493341497044e-08
-9.508008247394172940e-07,-5.440244876808719710e-06,-1.318911202474737365e-08
-1.175928446173202246e-06,-5.260027592157712206e-06,-2.698953238677859190e-08
-1.175282022813917138e-06,-5.365923698263941333e-06,-2.959117928469368053e-08
-1.078757804862107150e-06,-5.281008725432911888e-06,-2.880815586081553192e-08
-1.105117576116754208e-06,-5.380959919421002269e-06,-3.133592230142312474e-08
-9.784425856196321547e-07,-5.316815531841712072e-06,-3.241849810819985578e-08
-1.026724817165813874e-06,-5.410714038589503616e-06,-3.494865907782696013e-08
-8.778470146353356540e-07,-5.372803570935502648e-06,-3.742743004409021523e-08
-9.432457090952084400e-07,-5.457930456032045186e-06,-4.049286772556115466e-08
-1.167804157375940122e-06,-5.270598649076418951e-06,-3.812008131376387610e-08
-1.169180791293911170e-06,-5.370474809751613066e-06,-4.089511662641598377e-08
-1.070277562575938646e-06,-5.286404757498530671e-06,-4.155505095582157082e-08
-1.094439426196913701e-06,-5.383552434068406001e-06,-4.429482203249790473e-08
-9.623323649066151120e-07,-5.336214599083177745e-06,-4.805657027873166953e-08
-1.007142031994590070e-06,-5.429870270745595917e-06,-5.085476217914219887e-08
-8.530715263077581767e-07,-5.403781415225239471e-06,-5.861659602146573889e-08
-9.158329703495837748e-07,-5.478836555994348601e-06,-6.216768611011502799e-08
-4.984328256796288770e-07,-6.066510195523733273e-06,-2.777598950842730119e-08
-4.717313402125000721e-07,-6.099859547248343006e-06,-2.627423967282993544e-08
-5.313214046509528998e-07,-6.005192972224904224e-06,-2.770754647940520954e-08
-4.888190687779569998e-07,-6.039237177901668474e-06,-2.599296600180878158e-08
-5.683003223566629458e-07,-5.939768925600219518e-06,-2.651596631153552153e-08
-5.081332687950634863e-07,-5.963009698461974040e-06,-2.484773276023588551e-08
-6.135202283985563554e-07,-5.858523309143492952e-06,-2.472709681455853570e-08
-5.406429863796802238e-07,-5.857025826117023826e-06,-2.340519955623676651e-08
-6.620430781367758755e-07,-5.759589839726686478e-06,-2.245805141853907116e-08
-5.780301535196485929e-07,-5.750905529566807672e-06,-2.140835242414595996e-08
-7.215679715955047868e-07,-5.664604486810276285e-06,-2.012182953592400736e-08
-6.315630116660031490e-07,-5.648498699883930385e-06,-1.912973246476212807e-08
-7.932002858979103621e-07,-5.581192908721277490e-06,-1.767804214125590079e-08
-7.028596087366167922e-07,-5.542251528822816908e-06,-1.677262062571571732e-08
-8.703353842065553181e-07,-5.506147772393887863e-06,-1.528442261644613609e-08
-7.909525834293162916e-07,-5.450427124742418528e-06,-1.449466058289772263e-08
-5.060748549112759065e-07,-6.102243332861689851e-06,-8.309074672752103652e-08
-4.792519234797509853e-07,-6.123949788161553442e-06,-7.896905884763327776e-08
-5.411594656834495254e-07,-6.018813564878655598e-06,-8.330115264243431739e-08
-4.972346232534619048e-07,-6.041270353307481855e-06,-7.928478140684092068e-08
-5.693926254934922326e-07,-5.951785169600043446e-06,-7.962741221945179859e-08
-5.121648314343474340e-07,-5.959230747976107523e-06,-7.618368869088953943e-08
-6.021694503033359069e-07,-5.877764579054201022e-06,-7.458177719854575116e-08
-5.297881671140203252e-07,-5.868946573173161596e-06,-7.102421761828736635e-08
-6.509799277409911156e-07,-5.801322004117537290e-06,-6.875563940411666408e-08
-5.701565441995626315e-07,-5.780816081824013963e-06,-6.548830100427949219e-08
-7.025466857157880440e-07,-5.711221092496998608e-06,-6.325205248458587448e-08
-6.232544933482131455e-07,-5.684681127604562789e-06,-5.947881831502854766e-08
-7.787639901835063938e-07,-5.612372660834807903e-06,-5.567848759824300942e-08
-6.927373874532349873e-07,-5.568601864069933072e-06,-5.204020681048859842e-08
-8.576607797294855118e-07,-5.540606252907309681e-06,-4.719048263268632581e-08
-7.797837042744504288e-07,-5.457980932987993583e-06,-4.395802477574761724e-08
-5.163001901564712171e-07,-6.115255473559955135e-06,-1.536242990596292657e-07
-4.819812602363526821e-07,-6.153419235488399863e-06,-1.435366954183336929e-07
-5.538161076401593164e-07,-6.016391125740483403e-06,-1.524356036952667637e-07
-5.014169346395647153e-07,-6.053004199202405289e-06,-1.416886732386046788e-07
-5.814220003230730072e-07,-5.940893970546312630e-06,-1.454041296256036730e-07
-5.231267437011410948e-07,-5.965301625110441819e-06,-1.353832885797601193e-07
-6.046080898158834316e-07,-5.882064670004183426e-06,-1.343302784562183660e-07
-5.447137141345592681e-07,-5.885950486117508262e-06,-1.254924200111418031e-07
-6.407308887901308481e-07,-5.805866749142296612e-06,-1.198929027168560424e-07
-5.653657240145548712e-07,-5.794036496808985248e-06,-1.120627857176259567e-07
-7.012337164269411005e-07,-5.725220489694038406e-06,-1.039322228280070703e-07
-6.132346470621996559e-07,-5.696267180610448122e-06,-9.814947787845085259e-08
-7.661018912585859653e-07,-5.648327260132646188e-06,-8.883797164571660687e-08
-6.839788397883239668e-07,-5.598611551249632612e-06,-8.354488301165474695e-08
-8.331343792633560952e-07,-5.539793164643924683e-06,-7.615934549676239840e-08
-7.590958830405725166e-07,-5.480921572598163038e-06,-7.125859013967783540e-08
-2.374753194089862518e-07,-6.388104793586535379e-06,-1.434152707702196494e-08
-2.220703407829205389e-07,-6.374577878887066618e-06,-1.378106784244437222e-08
-2.646558812102739466e-07,-6.355483492370694876e-06,-1.664533400003165298e-08
-2.546393886859732447e-07,-6.338361345115117729e-06,-1.604625943230075791e-08
-2.882123908420908265e-07,-6.325481990643311292e-06,-1.888389711268700921e-08
-2.854924332496011630e-07,-6.311782726697856560e-06,-1.816986561209432693e-08
-3.236995667066366877e-07,-6.287067208177177235e-06,-2.114837727162921510e-08
-3.243696653498773230e-07,-6.273995950323296711e-06,-2.023215373014863872e-08
-3.588476715776778292e-07,-6.252094863157253712e-06,-2.329042025905891933e-08
-3.634586960288288537e-07,-6.246414159249980003e-06,-2.238082075223246648e-08
-3.967108170854771743e-07,-6.210135779838310555e-06,-2.530310716508665791e-08
-3.994953488017927157e-07,-6.212077096279244870e-06,-2.428692802425302943e-08
-4.290918127480836120e-07,-6.170533197291661054e-06,-2.672813970150400564e-08
-4.254461600794456899e-07,-6.182509878271957859e-06,-2.557632150512745284e-08
-4.648937874662806280e-07,-6.123746061348356307e-06,-2.735889736982244358e-08
-4.493969072427717037e-07,-6.147233307274291292e-06,-2.621113281975340215e-08
-2.377871908265660750e-07,-6.402328381227562204e-06,-4.096037642398187018e-08
-2.219456263219399261e-07,-6.390750058926641941e-06,-3.895724987046378374e-08
-2.593707790765620302e-07,-6.377211775543401018e-06,-4.762505412259088189e-08
-2.524473927678627660e-07,-6.359384769893949851e-06,-4.563177924410410924e-08
-2.894185797686077422e-07,-6.343797849694965407e-06,-5.514154821639749571e-08
-2.866824502234521788e-07,-6.325495178316486999e-06,-5.292694638114880945e-08
-3.258434162489720620e-07,-6.306234354269690812e-06,-6.252405171380814863e-08
-3.255777585309260758e-07,-6.294602826528716832e-06,-6.007792308082571253e-08
-3.633137168890243629e-07,-6.271241545618977398e-06,-6.927796647460127133e-08
-3.622629094479634659e-07,-6.272141945373732597e-06,-6.646327221915271366e-08
-4.002631328603456495e-07,-6.233510703168576583e-06,-7.497696685732080368e-08
-3.975316076321178116e-07,-6.242621111596236005e-06,-7.193511208924974198e-08
-4.378836422347376356e-07,-6.193029548740014434e-06,-7.949309832611106685e-08
-4.306178027491114335e-07,-6.209835646586725488e-06,-7.595800610715741641e-08
-4.739312657875416335e-07,-6.150998615339631215e-06,-8.246010452239715960e-08
-4.580253403219103348e-07,-6.172644589241826907e-06,-7.860484174671000801e-08
-2.296619072694738861e-07,-6.386290806403849274e-06,-6.396262364205540507e-08
-2.168248727230093209e-07,-6.369045422616181895e-06,-6.110571604267533985e-08
-2.602257040962285828e-07,-6.366478373820427805e-06,-7.802844947946141474e-08
-2.520770294722751714e-07,-6.350487637973856181e-06,-7.461410689302283572e-08
-3.004071800205565523e-07,-6.348380793497199193e-06,-9.284512714202719508e-08
-2.980577562539110659e-07,-6.332094017125200480e-06,-8.837869103217599331e-08
-3.353895863256184384e-07,-6.322140052361646667e-06,-1.083288267977877695e-07
-3.367562726452888455e-07,-6.314364782156189904e-06,-1.026145213245399646e-07
-3.732394588951137848e-07,-6.292363650572951883e-06,-1.225912882318880293e-07
-3.748459107555390801e-07,-6.291394583968212828e-06,-1.157149895902875869e-07
-4.123357939533889294e-07,-6.255757853068644181e-06,-1.356879124614351895e-07
-4.091348557722085388e-07,-6.257097084017004818e-06,-1.275087839758271002e-07
-4.486097964218060952e-07,-6.223796390258939937e-06,-1.454553881785614067e-07
-4.389050616282474948e-07,-6.232316991372499615e-06,-1.368863848938417505e-07
-4.827004431717796251e-07,-6.186327937030000612e-06,-1.514899707899530767e-07
-4.621071809651766671e-07,-6.199480594659689814e-06,-1.421135635837345035e-07
-1.943710827845279709e-07,-6.491090516647091135e-06,-8.483832303340932413e-09
-1.693791773504926823e-07,-6.485480753326555714e-06,-7.766409737541835057e-09
-1.971576182313583558e-07,-6.476243925135349855e-06,-9.206196693867241265e-09
-1.735724168838714832e-07,-6.465959359047701582e-06,-8.600785861290205503e-09
-2.046687228585142293e-07,-6.452895377151435241e-06,-1.050929121504395880e-08
-1.836826726275830879e-07,-6.440065135393524542e-06,-9.965850367166240176e-09
-2.176877558213163866e-07,-6.420847967092413455e-06,-1.232214064117442831e-08
-2.002031607162280125e-07,-6.408379704225808382e-06,-1.174891295363522659e-08
-1.884789924133656314e-07,-6.483986908278893679e-06,-2.388397213337611902e-08
-1.672188290058329585e-07,-6.484014647867297754e-06,-2.166143353576899244e-08
-1.901033073181679356e-07,-6.475880582001991570e-06,-2.629900919259853254e-08
-1.696818117125076242e-07,-6.467652383435051888e-06,-2.409088573074313899e-08
-2.002441163995172246e-07,-6.456293704104609787e-06,-2.981132851687107177e-08
-1.796043278545766952e-07,-6.451043645938625559e-06,-2.769887430531525752e-08
-2.162339711730965064e-07,-6.430406756408046931e-06,-3.496781175726937363e-08
-1.970981031718110899e-07,-6.422329533961601555e-06,-3.275439297567572794e-08
-1.754568899059449905e-07,-6.484630375780398026e-06,-3.013579075172856392e-08
-1.508644515979540301e-07,-6.476524504250846803e-06,-2.757213124482404965e-08
-1.789595671652932651e-07,-6.472253062383970246e-06,-3.410386284485866781e-08
-1.542304346457967767e-07,-6.461017164838267490e-06,-3.201521181495081692e-08
-1.879221684930598713e-07,-6.448982730944408104e-06,-4.174599510520238255e-08
-1.648490552952353028e-07,-6.432921054511098191e-06,-3.951063831664214376e-08
-2.066615110152270063e-07,-6.408306944649666548e-06,-5.211577658315036388e-08
-1.862088083726121113e-07,-6.400573511200491339e-06,-4.955748877932819596e-08
