5.108506684337044135e-07,-2.237954674910724862e-07,-1.877448055893182755e-03
4.809950269191176631e-07,-2.071855647045595106e-07,-1.479364000260829926e-04
4.618111688614590093e-07,-1.959943034535172046e-07,-9.861416183412075043e-04
4.499357260101533029e-07,-1.906345516999863321e-07,-4.464224912226200104e-04
4.446882542197272414e-07,-1.881945621562408633e-07,5.047894082963466644e-04
4.433300375694670947e-07,-1.880292472833389184e-07,8.541620336472988129e-04
4.450354822438384872e-07,-1.901125017411686713e-07,8.101887069642543793e-04
4.485715976443316322e-07,-1.934323563546058722e-07,6.847395561635494232e-04
4.538171651802258566e-07,-1.973394745391487959e-07,4.094582982361316681e-04
4.598763894136936869e-07,-2.010669248875274207e-07,1.721559092402458191e-04
4.634844117390457541e-07,-2.440010291593353031e-07,-3.333617933094501495e-04
4.325158329265832435e-07,-2.323073999832558911e-07,-2.393311355262994766e-03
4.127354031879804097e-07,-2.243229886289554997e-07,-3.592862281948328018e-03
3.997058684035437182e-07,-2.208760179200908169e-07,-5.201207939535379410e-03
3.924441784874943551e-07,-2.201196451778741903e-07,-5.919741932302713394e-03
3.890174014031799743e-07,-2.215567178609489929e-07,-5.959984380751848221e-03
3.888739854573941557e-07,-2.240681737930572126e-07,-6.290600169450044632e-03
3.920124811429559486e-07,-2.275838966170340427e-07,-6.336201447993516922e-03
3.966597148519213079e-07,-2.315811542530354927e-07,-5.699361208826303482e-03
4.018972674657561583e-07,-2.361459792155073956e-07,-4.813896957784891129e-03
4.114275782285403693e-07,-2.641821765791974030e-07,-2.917057368904352188e-03
3.782754447456682101e-07,-2.576610711457760772e-07,-5.350998137146234512e-03
3.578600740183901507e-07,-2.528462630380090559e-07,-5.293367896229028702e-03
3.457862476352602243e-07,-2.513378660751186544e-07,-4.648855421692132950e-03
3.391911320704821264e-07,-2.519887516427843366e-07,-4.019929561764001846e-03
3.363054474903037772e-07,-2.542005859140772372e-07,-3.607867751270532608e-03
3.363007863299571909e-07,-2.571174491095007397e-07,-3.352689091116189957e-03
3.382780278116115369e-07,-2.610415776871377602e-07,-3.028484527021646500e-03
3.421699261707544792e-07,-2.655851005783915753e-07,-2.950383815914392471e-03
3.471915022146276897e-07,-2.705087922549864743e-07,-2.678463701158761978e-03
3.588829713407903910e-07,-2.811100330291083083e-07,-2.240380737930536270e-03
3.284633862676855642e-07,-2.809744046317064203e-07,-2.210962120443582535e-03
3.083732167397101875e-07,-2.800444178774341708e-07,-2.617812249809503555e-03
2.958568927624583011e-07,-2.812559785070334328e-07,-2.837373409420251846e-03
2.888159826852643164e-07,-2.833555186043668073e-07,-2.694258932024240494e-03
2.856129981410049368e-07,-2.865200769974762807e-07,-2.279708627611398697e-03
2.853182081707927864e-07,-2.905146345710818423e-07,-2.108978573232889175e-03
2.869840045605087653e-07,-2.951971396214503329e-07,-1.790544483810663223e-03
2.902041842389735393e-07,-3.001526351908978540e-07,-2.604993525892496109e-03
2.942178696230257628e-07,-3.051633825634780806e-07,-4.826182965189218521e-03
3.065192402118555037e-07,-2.973021366869943449e-07,-1.475709024816751480e-03
2.778839416350820102e-07,-3.030316122476506280e-07,-9.170570410788059235e-04
2.593469048406404909e-07,-3.061826419070712291e-07,-6.998353637754917145e-04
2.476198233125614934e-07,-3.098449496974353679e-07,-1.471283379942178726e-03
2.406192720627586823e-07,-3.133662289656058419e-07,-2.887653652578592300e-03
2.370183977973283618e-07,-3.172405342866113642e-07,-4.025849048048257828e-03
2.360126103440052248e-07,-3.210132319964031922e-07,-4.192973021417856216e-03
2.375114860342364409e-07,-3.256880347635160433e-07,-3.774205688387155533e-03
2.410043578038312262e-07,-3.312003684641240397e-07,-2.460362855345010757e-03
2.444612903218512656e-07,-3.358946685239061480e-07,-2.358692232519388199e-03
2.534291070332983509e-07,-3.115448237167584011e-07,-1.461903098970651627e-03
2.267208714101798250e-07,-3.212019237253116444e-07,-2.914773765951395035e-03
2.097582552096355357e-07,-3.271425441653263988e-07,-3.320591989904642105e-03
1.989481432929096627e-07,-3.324992121633840725e-07,-3.817962948232889175e-03
1.930939816929821973e-07,-3.374547077328315936e-07,-3.315682057291269302e-03
1.907559834535277332e-07,-3.426827106522978283e-07,-2.190748695284128189e-03
1.900838384472081088e-07,-3.479724739463563310e-07,-2.794655505567789078e-03
1.914096259270081646e-07,-3.530226706516259583e-07,-3.093140665441751480e-03
1.944552963095702580e-07,-3.587252308534516487e-07,-2.665469888597726822e-03
1.978821870807223604e-07,-3.645527328899333952e-07,-2.309235278517007828e-03
1.996414340510455077e-07,-3.233261907098494703e-07,-3.140839282423257828e-03
1.763721257930228603e-07,-3.364494602919876343e-07,-3.642546478658914566e-03
1.624689929258238408e-07,-3.451635848250589333e-07,-3.171029035001993179e-03
1.541446721375905327e-07,-3.528404022290487774e-07,-1.926640514284372330e-03
1.494432950721602538e-07,-3.594555266772658797e-07,-2.797136548906564713e-03
1.466339227818025392e-07,-3.652112070540169952e-07,-3.405223134905099869e-03
1.467229964191574254e-07,-3.710321436756203184e-07,-3.140466753393411636e-03
1.481080715848293039e-07,-3.769978889067715500e-07,-2.605522517114877701e-03
1.500584829727813485e-07,-3.828679950856894720e-07,-2.221825066953897476e-03
1.525215367337295902e-07,-3.887869866048276890e-07,-1.665512565523386002e-03
1.455471618783121812e-07,-3.327008926135022193e-07,-3.987225238233804703e-03
1.273793515110810404e-07,-3.489704738512955373e-07,-3.952326718717813492e-03
1.172060777321348723e-07,-3.600543436732550617e-07,-2.021195832639932632e-03
1.109648124497653043e-07,-3.695042778417700902e-07,-2.627054695039987564e-03
1.066671373450844840e-07,-3.765847793602006277e-07,-3.608743194490671158e-03
1.053314022669837868e-07,-3.832700770090013975e-07,-3.315965179353952408e-03
1.053383087423753750e-07,-3.896659563906723633e-07,-2.765739802271127701e-03
1.060147738485284208e-07,-3.957657668252068106e-07,-2.239043358713388443e-03
1.073076774105174991e-07,-4.018486947643395979e-07,-1.811715308576822281e-03
1.090657875124634302e-07,-4.079377049492904916e-07,-1.431676093488931656e-03
9.140860157685892773e-08,-3.393010388208494987e-07,-4.616925958544015884e-03
7.913786959079516237e-08,-3.581067176128271967e-07,-4.120761994272470474e-03
7.318136141520881210e-08,-3.709687916852999479e-07,-1.298295799642801285e-03
6.827338694392892648e-08,-3.811287854205147596e-07,-2.939062658697366714e-03
6.598958890435824287e-08,-3.887360549015284050e-07,-3.659667912870645523e-03
6.521282358562530135e-08,-3.959189598390366882e-07,-3.227824810892343521e-03
6.528052409748852369e-08,-4.025414739317056956e-07,-2.572158817201852798e-03
6.546884634417438065e-08,-4.088308287464315072e-07,-2.177583519369363785e-03
6.613652914211343159e-08,-4.150605548147723312e-07,-2.042772714048624039e-03
6.730943624688734417e-08,-4.213591751067724545e-07,-1.756342593580484390e-03
3.762767875059580547e-08,-3.428588684073474724e-07,-3.670813981443643570e-03
3.072916143764814478e-08,-3.628368858699104749e-07,-5.171755794435739517e-03
2.928141640268222545e-08,-3.768691669847612502e-07,-1.564952079206705093e-03
2.720839376024741796e-08,-3.877489120895916130e-07,-6.810971535742282867e-04
2.622267203378214617e-08,-3.954408498429984320e-07,-3.441254142671823502e-03
2.596920722908180323e-08,-4.024426800697256112e-07,-3.419975284487009048e-03
2.606754634371100110e-08,-4.091944845185935264e-07,-2.844023052603006363e-03
2.601115767220107955e-08,-4.157294597462168895e-07,-2.530353609472513199e-03
2.612922145317497780e-08,-4.220476625960145611e-07,-2.345653716474771500e-03
2.646567764941210044e-08,-4.284554790956462966e-07,-2.209159079939126968e-03
7.925871159386588261e-07,-1.221489132063879879e-08,6.507998798042535782e-03
7.987242724993848242e-07,-9.046837057269385696e-09,6.409333553165197372e-03
8.026200362110103015e-07,-7.070107166384786979e-09,6.299268919974565506e-03
8.068968213592597749e-07,-5.851725326522227988e-09,6.288121920078992844e-03
8.118866503536992241e-07,-5.136606695543832757e-09,6.422979291528463364e-03
8.180828103832027409e-07,-4.736215863943016302e-09,6.371572148054838181e-03
8.253446708295086864e-07,-4.544014053919909202e-09,6.122004706412553787e-03
8.335583174812200014e-07,-4.456262026053536829e-09,5.112310405820608139e-03
8.429531135334400460e-07,-4.399674402577602450e-09,3.922582138329744339e-03
8.535228630535129923e-07,-4.439635326036750484e-09,3.171562682837247849e-03
7.861073072490398772e-07,-3.206616128181849490e-08,6.624997127801179886e-03
7.912250907793350052e-07,-2.320724412641084200e-08,6.616992410272359848e-03
7.944541380311420653e-07,-1.777932290281114547e-08,6.248422432690858841e-03
7.981967655723565258e-07,-1.446311959085733179e-08,6.033490877598524094e-03
8.027151920941832941e-07,-1.251915993094598889e-08,6.059610750526189804e-03
8.085963258963602129e-07,-1.163614005150748199e-08,6.047811824828386307e-03
8.156821422744542360e-07,-1.136704330662041684e-08,5.950279999524354935e-03
8.236013400164665654e-07,-1.153254292063365938e-08,4.934330005198717117e-03
8.326611009579210076e-07,-1.191295329050490182e-08,3.709510434418916702e-03
8.428803539572982118e-07,-1.247331571363474723e-08,2.879494335502386093e-03
7.738015597169578541e-07,-5.238192812839770340e-08,4.323457833379507065e-03
7.772770800329453778e-07,-3.844822771270628436e-08,6.129237823188304901e-03
7.790551990183303133e-07,-2.968078582910038676e-08,6.029134150594472885e-03
7.818505309842294082e-07,-2.449561442574577086e-08,5.581018049269914627e-03
7.856767183511692565e-07,-2.152685318890235067e-08,5.438453983515501022e-03
7.910189765425457153e-07,-2.010269817276366666e-08,5.606669466942548752e-03
7.977610039233695716e-07,-1.967331719754383812e-08,5.702247377485036850e-03
8.056802585088007618e-07,-2.005386967596223258e-08,5.547635722905397415e-03
8.143089758050336968e-07,-2.092108708495743485e-08,4.406233783811330795e-03
8.240340889642538968e-07,-2.199340976005714765e-08,3.018132876604795456e-03
7.561943675682414323e-07,-7.318868000538714114e-08,2.243062015622854233e-03
7.568270916635810863e-07,-5.490317533940469730e-08,5.350116640329360962e-03
7.562063046862022020e-07,-4.329616132281444152e-08,5.828958004713058472e-03
7.575476956844795495e-07,-3.647772217618694413e-08,5.751503631472587585e-03
7.605697760482144076e-07,-3.266786308131486294e-08,5.424255039542913437e-03
7.654571163584478199e-07,-3.092679179417245905e-08,5.164624657481908798e-03
7.718250003563298378e-07,-3.053859387591728591e-08,5.105904769152402878e-03
7.793968279656837694e-07,-3.095073708436757443e-08,5.410909652709960938e-03
7.881458259362261742e-07,-3.203292209263963741e-08,5.374201107770204544e-03
7.975414177963102702e-07,-3.371003032270891708e-08,4.467880818992853165e-03
7.336169574045925401e-07,-9.427169089804010582e-08,3.399229608476161957e-04
7.299705089280905668e-07,-7.282354630433474085e-08,5.075747147202491760e-03
7.266550028361962177e-07,-5.902631272647340666e-08,5.652194842696189880e-03
7.262074745995050762e-07,-5.094890553891673335e-08,5.736984312534332275e-03
7.280090130734606646e-07,-4.649071883022770635e-08,5.903579294681549072e-03
7.319371206904179417e-07,-4.446193457852132269e-08,5.593192297965288162e-03
7.377772135441773571e-07,-4.415522170120311785e-08,5.310741718858480453e-03
7.452620138792553917e-07,-4.488661176083041937e-08,4.982234910130500793e-03
7.538282602581602987e-07,-4.636276429437202751e-08,4.787968937307596207e-03
7.632713163729931694e-07,-4.820690691076379153e-08,5.143521353602409363e-03
7.057570314827898983e-07,-1.154511792833545769e-07,-3.166729584336280823e-05
6.979425393183191773e-07,-9.210788931568458793e-08,4.399097058922052383e-03
6.916037591508938931e-07,-7.702646342977459426e-08,4.838931839913129807e-03
6.887961490065208636e-07,-6.816318176561253495e-08,4.610599949955940247e-03
6.890284680594049860e-07,-6.335570645887855790e-08,4.603059496730566025e-03
6.918616577422653791e-07,-6.115049444588294136e-08,4.693823866546154022e-03
6.970270760575658642e-07,-6.101466709651504061e-08,4.915803670883178711e-03
7.040855507511878386e-07,-6.209625524888906511e-08,5.102325230836868286e-03
7.120998475329542998e-07,-6.394351004246345838e-08,5.031521897763013840e-03
7.215494406409561634e-07,-6.627224280464361073e-08,4.773886874318122864e-03
6.728726020810427144e-07,-1.373505966739685391e-07,2.577807754278182983e-04
6.604279292332648765e-07,-1.127075179851999565e-07,4.291800782084465027e-03
6.509740160254295915e-07,-9.629261654708898277e-08,2.824700903147459030e-03
6.470970106420281809e-07,-8.700776987780045602e-08,1.528435852378606796e-03
6.469795152952428907e-07,-8.233389081624409300e-08,1.668785233050584793e-03
6.490946020676346961e-07,-8.048309751984561444e-08,1.971447840332984924e-03
6.530415248562349007e-07,-8.066917445148646948e-08,2.465714234858751297e-03
6.585774485756701324e-07,-8.230386328023087117e-08,3.170371521264314651e-03
6.651223998233035672e-07,-8.477315560639908654e-08,3.949223551899194717e-03
6.736277100571896881e-07,-8.755117875125506544e-08,3.844149876385927200e-03
6.351026513584656641e-07,-1.589692715242563281e-07,1.441768370568752289e-03
6.170443498376698699e-07,-1.343970410516703851e-07,1.816922333091497421e-03
6.045568738954898436e-07,-1.185207523235476401e-07,8.433754555881023407e-04
5.991350349177082535e-07,-1.097992239351697208e-07,6.947522051632404327e-04
5.973776637802075129e-07,-1.051938838259047770e-07,8.380347862839698792e-04
5.990571025904500857e-07,-1.035105086089060933e-07,6.607677787542343140e-04
6.030679173818498384e-07,-1.040082580061607587e-07,7.476531900465488434e-04
6.088163218009867705e-07,-1.057468708154374326e-07,1.255203504115343094e-03
6.160908014862798154e-07,-1.085434533365514653e-07,2.206507138907909393e-03
6.239491767701110803e-07,-1.116437928772029409e-07,2.752615138888359070e-03
5.963663625152548775e-07,-1.815906927049582009e-07,1.787305809557437897e-04
5.722204150515608490e-07,-1.577948296471731737e-07,3.109843004494905472e-03
5.582279527516220696e-07,-1.424412090500482009e-07,2.193434629589319229e-03
5.514657459571026266e-07,-1.342121294101161766e-07,1.365035306662321091e-03
5.491213528330263216e-07,-1.304779573274572613e-07,2.262445166707038879e-03
5.494128458849445451e-07,-1.295719300742348423e-07,3.066737204790115356e-03
5.516731675925257150e-07,-1.307785453263932141e-07,4.450927022844552994e-03
5.558600832955562510e-07,-1.329188421550497878e-07,4.307584837079048157e-03
5.615031000161252450e-07,-1.357771566290466581e-07,4.008165560662746429e-03
5.686412123395712115e-07,-1.389001482721141656e-07,3.452350851148366928e-03
5.560635827350779437e-07,-2.021537142127272091e-07,-2.352470997720956802e-03
5.321313096828816924e-07,-1.818089288008195581e-07,1.368071418255567551e-03
5.137159178048023023e-07,-1.681781185425279546e-07,2.056146506220102310e-03
5.028198870604683179e-07,-1.615099307628042880e-07,8.638626895844936371e-04
4.980109906682628207e-07,-1.585829352279688464e-07,-3.108442761003971100e-04
4.967910172126721591e-07,-1.582229458563233493e-07,-1.116356346756219864e-03
4.989936428501096088e-07,-1.599064063384503243e-07,-1.449323724955320358e-03
5.028514920013549272e-07,-1.625346470746080740e-07,-1.593259628862142563e-03
5.079692186882311944e-07,-1.657173385183341452e-07,-1.706726383417844772e-03
5.138331289344932884e-07,-1.695803888424052275e-07,-1.390545163303613663e-03
8.653709073769277893e-07,-4.532659581002462801e-09,2.598096150904893875e-03
8.788624086264462676e-07,-4.519017160475868877e-09,1.712356228381395340e-03
8.922243068809621036e-07,-4.610108739200313721e-09,6.042975001037120819e-04
9.063358561434142757e-07,-4.652812357619495742e-09,-6.767367012798786163e-04
9.211301517098036129e-07,-4.687330523722721409e-09,-2.328644972294569016e-03
9.356020314044144470e-07,-4.742852333095015638e-09,-3.260110039263963699e-03
9.518012689113675151e-07,-4.710849488276380725e-09,-2.180949319154024124e-03
9.685232953415834345e-07,-4.652997098730793368e-09,-1.222582068294286728e-03
9.856591987045248970e-07,-4.571668377195692301e-09,-4.357933066785335541e-04
1.002682438411284238e-06,-4.398821751294690330e-09,-9.461166337132453918e-05
1.020037757371028420e-06,-4.252165730633805651e-09,1.498186029493808746e-04
1.037800643644004595e-06,-4.670718034560650267e-09,-5.982420407235622406e-04
1.055729057952703442e-06,-5.036462802365804237e-09,-1.441524829715490341e-03
1.073776047633145936e-06,-5.095395216869746946e-09,-1.985475886613130569e-03
1.092072920982900541e-06,-5.175089690112599783e-09,-2.595274243503808975e-03
1.110426410377840512e-06,-4.978297774016482435e-09,-2.940729726105928421e-03
1.129064116867084522e-06,-4.009899079449041892e-09,-2.630271483212709427e-03
1.147610305451962631e-06,-2.627794204457245542e-09,-3.496611025184392929e-03
1.165895582744269632e-06,-8.713467170018418528e-10,-4.654838237911462784e-03
1.183614131150534377e-06,1.672140537145594408e-09,-4.881829489022493362e-03
8.551311907467606943e-07,-1.306751418184148861e-08,2.178150694817304611e-03
8.691553716744238045e-07,-1.307774599723643405e-08,1.233603339642286301e-03
8.830909337120829150e-07,-1.316565434450467365e-08,3.170175477862358093e-05
8.976641652225225698e-07,-1.322971687756080428e-08,-1.316447276622056961e-03
9.125196243076061364e-07,-1.326517296007523328e-08,-3.197636920958757401e-03
9.283971280638070311e-07,-1.307724861732140198e-08,-2.873479854315519333e-03
9.449845492781605572e-07,-1.294687823616413880e-08,-2.265972550958395004e-03
9.620302989787887782e-07,-1.272660998807850774e-08,-1.396337058395147324e-03
9.793773187993792817e-07,-1.236411950600313503e-08,-6.401794962584972382e-04
9.966747711587231606e-07,-1.188762954740241184e-08,-3.119795583188533783e-04
1.014025201584445313e-06,-1.135735150370464908e-08,7.355120033025741577e-06
1.031942360896209721e-06,-1.134984817241502242e-08,-7.959571667015552521e-04
1.050091100296413060e-06,-1.112604142150530606e-08,-1.456938218325376511e-03
1.068381379809579812e-06,-1.064338395195818521e-08,-1.947306562215089798e-03
1.086873680833377875e-06,-1.011138639483988300e-08,-2.553983125835657120e-03
1.105833121073374059e-06,-9.061502659335474164e-09,-3.196571487933397293e-03
1.125212747865589336e-06,-7.286524272842598293e-09,-3.821352031081914902e-03
1.144449015555437654e-06,-5.161532534714297071e-09,-4.490191582590341568e-03
1.163306933449348435e-06,-2.328542025864521747e-09,-5.467959214001893997e-03
1.180717958959576208e-06,1.464718901722505962e-09,-4.621452186256647110e-03
8.367397299480217043e-07,-2.283234756816909794e-08,2.342231106013059616e-03
8.522494567841931712e-07,-2.261759313171296526e-08,1.379086170345544815e-03
8.675283993397897575e-07,-2.254001607582267752e-08,9.213341400027275085e-05
8.830317028696299531e-07,-2.251918296281019138e-08,-1.355076674371957779e-03
8.991493132270989008e-07,-2.245926999933089974e-08,-2.922616433352231979e-03
9.159958267446199898e-07,-2.211472782676082716e-08,-2.446212340146303177e-03
9.333561479252239224e-07,-2.171452173627130833e-08,-1.859365496784448624e-03
9.511186362942680717e-07,-2.132530063647664065e-08,-1.178990583866834641e-03
9.690878641777089797e-07,-2.073353222442619881e-08,-5.831238813698291779e-04
9.868190318229608238e-07,-1.981922004290481709e-08,1.312652602791786194e-05
1.004570435725327116e-06,-1.896276025092902273e-08,-6.147613748908042908e-05
1.023049890136462636e-06,-1.858115616926170333e-08,-9.281174279749393463e-04
1.041596988216042519e-06,-1.777332592212133022e-08,-1.399790402501821518e-03
1.060369868355337530e-06,-1.682239236799887294e-08,-1.913604792207479477e-03
1.079662524716695771e-06,-1.570527707883684343e-08,-2.972042653709650040e-03
1.099423457162629347e-06,-1.381445091652722112e-08,-4.020648542791604996e-03
1.119248167924524751e-06,-1.119693937567944886e-08,-4.656430799514055252e-03
1.139231130764528643e-06,-8.263108419725995191e-09,-5.298751872032880783e-03
1.157824613073898945e-06,-4.298791544954383426e-09,-4.553109873086214066e-03
1.175967668132216204e-06,7.511349875422013156e-10,-3.539509605616331100e-03
8.107001008283987176e-07,-3.452597496789167053e-08,2.797851804643869400e-03
8.279612302430905402e-07,-3.394543313106623827e-08,1.808202359825372696e-03
8.458205797978735063e-07,-3.323579989000791102e-08,6.590164266526699066e-04
8.627421834717097227e-07,-3.294898220929098898e-08,-9.144344367086887360e-04
8.803396553958009463e-07,-3.261043701741073164e-08,-2.583240624517202377e-03
8.986638704300276004e-07,-3.208497645346142235e-08,-2.168572042137384415e-03
9.170687462756177410e-07,-3.145490978795351111e-08,-1.585173886269330978e-03
9.358756756228103768e-07,-3.068877418854754069e-08,-8.412790484726428986e-04
9.548110710966284387e-07,-2.980466007329596323e-08,-2.041966654360294342e-04
9.731162435855367221e-07,-2.833497525500661141e-08,5.305684171617031097e-04
9.916873295878758654e-07,-2.710326363342119294e-08,4.295720718801021576e-04
1.010811160995217506e-06,-2.623077399732665071e-08,-5.761762149631977081e-04
1.030036060001293663e-06,-2.493777095935456600e-08,-1.169591676443815231e-03
1.049769593919336330e-06,-2.353095318596842844e-08,-2.305985894054174423e-03
1.070039502337749582e-06,-2.179552360814795975e-08,-3.933804575353860855e-03
1.090410250981221907e-06,-1.907275226642468624e-08,-4.868304822593927383e-03
1.110966309170180466e-06,-1.570801977379687742e-08,-5.537859629839658737e-03
1.130736336563131772e-06,-1.171402974620150417e-08,-5.280038807541131973e-03
1.149948275269707665e-06,-6.559042198261977319e-09,-3.426407929509878159e-03
1.168885091828997247e-06,-2.670585141917314331e-10,-2.639516722410917282e-03
7.781379736115923151e-07,-4.874782888464324060e-08,4.571077413856983185e-03
7.972868729666515719e-07,-4.726606306348912767e-08,2.450605854392051697e-03
8.174092727131210268e-07,-4.603445091788671562e-08,1.209866721183061600e-03
8.371320632249990012e-07,-4.491386818017417681e-08,-2.175909467041492462e-04
8.563301321373728570e-07,-4.405418252417803160e-08,-2.523437608033418655e-03
8.764244512349250726e-07,-4.315844392976941890e-08,-1.949272584170103073e-03
8.964306061898241751e-07,-4.216865789885559934e-08,-1.373514998704195023e-03
9.165466394733812194e-07,-4.107062778757608612e-08,-6.297198124229907990e-04
9.366888775730330963e-07,-3.969154960259402287e-08,6.688479334115982056e-05
9.560002354191965424e-07,-3.771189227563809254e-08,9.268666617572307587e-04
9.755706287251086906e-07,-3.593775232957341359e-08,9.421133436262607574e-04
9.954843562809401192e-07,-3.445332907858755789e-08,1.517827622592449188e-04
1.015708676277427003e-06,-3.275506088584734243e-08,-5.705109797418117523e-04
1.036674575516371988e-06,-3.081022015294365701e-08,-2.491463441401720047e-03
1.057715394381375518e-06,-2.843064272894935129e-08,-4.339959938079118729e-03
1.078970171874971129e-06,-2.499691653667923674e-08,-5.569087807089090347e-03
1.099862970477261115e-06,-2.077316629822689720e-08,-5.901338998228311539e-03
1.119780449698737357e-06,-1.551046047154613916e-08,-4.208257887512445450e-03
1.140035578828246798e-06,-9.395045630355980393e-09,-2.071699593216180801e-03
1.159915314019599464e-06,-1.950746453260876478e-09,-1.729930285364389420e-03
7.386800575659435708e-07,-6.604991398262427538e-08,4.694121424108743668e-03
7.610987609041330870e-07,-6.296220789181461441e-08,4.272987134754657745e-03
7.833134532120311633e-07,-6.080417591647346853e-08,2.116057556122541428e-03
8.060650884544884320e-07,-5.881741316215993720e-08,5.451394245028495789e-04
8.276187486444541719e-07,-5.706001360294976621e-08,-1.457714010030031204e-03
8.497207204527512658e-07,-5.549869541709995246e-08,-1.830636058002710342e-03
8.716464776625798550e-07,-5.398822366942113149e-08,-1.218676101416349411e-03
8.934977699937007856e-07,-5.244847756102899439e-08,-5.444451235234737396e-04
9.150925848189217504e-07,-5.058928564949383144e-08,2.299998886883258820e-04
9.357490284855884966e-07,-4.807861131439494784e-08,1.178798731416463852e-03
9.564354286339948885e-07,-4.566104649939006777e-08,1.490809023380279541e-03
9.773784768185578287e-07,-4.343932147321538650e-08,8.705332875251770020e-04
9.990471880882978439e-07,-4.127721098257097765e-08,-6.107664667069911957e-04
1.021018306346377358e-06,-3.877890009107431979e-08,-2.455803100019693375e-03
1.043000338540878147e-06,-3.575686235990360728e-08,-4.340455401688814163e-03
1.064960542862536386e-06,-3.150935157236744999e-08,-5.212620366364717484e-03
1.086262955141137354e-06,-2.630782525159247598e-08,-4.618852864950895309e-03
1.107131765820668079e-06,-2.002237842191334494e-08,-2.577452454715967178e-03
1.128361873270478100e-06,-1.287859507925759317e-08,-4.869052208960056305e-04
1.149334821093361825e-06,-4.337402437215587270e-09,-1.936811022460460663e-04
6.931377924956905190e-07,-8.668887829799132305e-08,4.477369133383035660e-03
7.195670832516043447e-07,-8.176832722028848366e-08,4.058705177158117294e-03
7.451011470038793050e-07,-7.773606824912349111e-08,3.590750042349100113e-03
7.696665420553472359e-07,-7.489450837283584406e-08,1.491915900260210037e-03
7.948173106342437677e-07,-7.185872874515553121e-08,-4.362468607723712921e-04
8.192035920728812926e-07,-6.943221109168007388e-08,-2.054475713521242142e-03
8.431188120994193014e-07,-6.716056333289088798e-08,-1.239849720150232315e-03
8.669262570037972182e-07,-6.493288395859053708e-08,-4.375972785055637360e-04
8.902782155928434804e-07,-6.249643291766915354e-08,3.206329420208930969e-04
9.125485576078062877e-07,-5.950682435695853201e-08,1.349919941276311874e-03
9.345519629277987406e-07,-5.644557887762857717e-08,2.002879977226257324e-03
9.568992709318990819e-07,-5.347448706061186385e-08,1.273398287594318390e-03
9.799920235309400596e-07,-5.068660158258353476e-08,-6.014346145093441010e-04
1.002926637738710269e-06,-4.750713600287781446e-08,-2.346914727240800858e-03
1.025821688926953357e-06,-4.377206863637184142e-08,-4.039346706122159958e-03
1.048828835337189957e-06,-3.871301856861464330e-08,-4.758690018206834793e-03
1.070706389327824581e-06,-3.237978063452828792e-08,-2.879651729017496109e-03
1.092703314498066902e-06,-2.521614739237065805e-08,-6.657545454800128937e-04
1.114992073780740611e-06,-1.710336938742784696e-08,1.060567330569028854e-03
1.137262643169378862e-06,-7.634334941997167334e-09,1.437209080904722214e-03
6.434167403313040268e-07,-1.099327207043643284e-07,3.567885607481002808e-03
6.731766006851103157e-07,-1.034187775417194644e-07,3.446304704993963242e-03
7.027706487860996276e-07,-9.740534068214401486e-08,3.600358963012695312e-03
7.304149107767443638e-07,-9.261740530064344057e-08,2.678553573787212372e-03
7.575487188660190441e-07,-8.874329893160393112e-08,6.203469820320606232e-04
7.848404948163079098e-07,-8.489377734122172114e-08,-1.421259250491857529e-03
8.107949724944774061e-07,-8.175286581035834388e-08,-1.141407992690801620e-03
8.365419148503860924e-07,-7.873114071799136582e-08,-1.689544878900051117e-04
8.620472726761363447e-07,-7.556916870044005918e-08,5.435794591903686523e-04
8.865922609402332455e-07,-7.199876250751913176e-08,1.479398459196090698e-03
9.103806064558739308e-07,-6.828434351291434723e-08,2.251322381198406219e-03
9.344846603198675439e-07,-6.472843239180292585e-08,1.187175512313842773e-03
9.585210136719979346e-07,-6.091200788205242134e-08,-4.293336533010005951e-04
9.825126880969037302e-07,-5.691172333399663330e-08,-2.150376792997121811e-03
1.006636921374592930e-06,-5.255240154156126664e-08,-3.903162200003862381e-03
1.030631665344117209e-06,-4.643275275384439738e-08,-3.293201792985200882e-03
1.053512846738158260e-06,-3.930733072365910630e-08,-9.455499239265918732e-04
1.076767716767790262e-06,-3.141919791005420848e-08,1.318102236837148666e-03
1.099817950489523355e-06,-2.224299500142024044e-08,2.091578673571348190e-03
1.123233801081369165e-06,-1.191541176837063176e-08,2.449857536703348160e-03
5.910507070439052768e-07,-1.357304029170336435e-07,2.276781480759382248e-03
6.244581527425907552e-07,-1.270898621896776604e-07,2.818714361637830734e-03
6.562231078532931861e-07,-1.197144285924878204e-07,2.483254764229059219e-03
6.876214229123434052e-07,-1.130579860841862683e-07,2.750056795775890350e-03
7.179808108048746362e-07,-1.075367990210907010e-07,1.827200874686241150e-03
7.465255293936934322e-07,-1.027352780624823936e-07,4.728869535028934479e-04
7.756536319902807008e-07,-9.820536917004574207e-08,-1.029073726385831833e-03
8.035323162403074093e-07,-9.418288726692480850e-08,8.040107786655426025e-05
8.309654049298842438e-07,-9.015442259396877489e-08,9.448891505599021912e-04
8.577448511459806468e-07,-8.595907985409212415e-08,1.749658025801181793e-03
8.833318361212150194e-07,-8.149044816718742368e-08,2.661718055605888367e-03
9.092164532376045827e-07,-7.693449077805780689e-08,1.619664486497640610e-03
9.348598837277677376e-07,-7.218640263317865902e-08,-2.290057018399238586e-04
9.603185162632144056e-07,-6.748296499381467584e-08,-1.998220104724168777e-03
9.857797067525098100e-07,-6.204211189242414548e-08,-2.979984972625970840e-03
1.010655978461727500e-06,-5.508137945753333042e-08,-1.405880320817232132e-03
1.034693923429585993e-06,-4.725887237100323546e-08,9.036376141011714935e-04
1.058871362147328909e-06,-3.851111074482105323e-08,2.491837833076715469e-03
1.082935455087863375e-06,-2.837792045795595186e-08,2.454295288771390915e-03
1.107739876715641003e-06,-1.735244303802119248e-08,2.718089614063501358e-03
5.392674324866675306e-07,-1.648171945589638199e-07,3.572850022464990616e-03
5.748553917328536045e-07,-1.522461019476395450e-07,3.100039437413215637e-03
6.094962827773997560e-07,-1.426194558007409796e-07,2.664595376700162888e-03
6.434136707866855431e-07,-1.345327831359099946e-07,1.884232275187969208e-03
6.765836815247894265e-07,-1.273037213422867353e-07,1.550039276480674744e-03
7.077831014612456784e-07,-1.213459910331948777e-07,1.814304850995540619e-03
7.388219955828390084e-07,-1.159611926482284616e-07,-6.937379948794841766e-04
7.697341288803727366e-07,-1.108462086563122284e-07,3.508385270833969116e-05
7.991772008608677424e-07,-1.060195486957127287e-07,1.005006488412618637e-03
8.277673373413563240e-07,-1.010381183164099639e-07,1.903993077576160431e-03
8.550806569473934360e-07,-9.560155689314342453e-08,2.854913007467985153e-03
8.824511041893856600e-07,-9.017087876372897881e-08,1.872303895652294159e-03
9.099121029976231512e-07,-8.471609902471755049e-08,-2.085180021822452545e-04
9.370892257720697671e-07,-7.915699740124182426e-08,-2.102379221469163895e-03
9.638795290811685845e-07,-7.253483857994069695e-08,-2.136674243956804276e-03
9.892586376736289822e-07,-6.471744740110807470e-08,-3.755469806492328644e-04
1.014477220451226458e-06,-5.620980658704866073e-08,1.392124220728874207e-03
1.039545622916193679e-06,-4.654193475062129437e-08,1.590135041624307632e-03
1.065047513293393422e-06,-3.575160434365898254e-08,1.217416021972894669e-03
1.091179115064733196e-06,-2.388270026187910844e-08,1.297052484005689621e-03
4.975248089067463297e-07,-1.913983851409284398e-07,1.018673181533813477e-03
5.351681124921014998e-07,-1.783752310302588739e-07,1.660898793488740921e-03
5.742352300330821890e-07,-1.659942512333145714e-07,2.268973272293806076e-03
6.083758421482343692e-07,-1.559532307737754309e-07,2.818620298057794571e-03
6.431558290387329180e-07,-1.475611952628241852e-07,8.409679867327213287e-04
6.767016316189256031e-07,-1.401931513100862503e-07,2.226537559181451797e-03
7.092976375133730471e-07,-1.338956963081727736e-07,-7.747579365968704224e-05
7.423286092489433941e-07,-1.277019521239708411e-07,1.640804111957550049e-05
7.732139692961936817e-07,-1.220121959022435476e-07,6.345156580209732056e-04
8.026902378333033994e-07,-1.159422211571836669e-07,1.571776811033487320e-03
8.312405839205894154e-07,-1.096538042588690587e-07,2.287777140736579895e-03
8.600006822234718129e-07,-1.035414740613305185e-07,7.566553540527820587e-04
8.885306215233867988e-07,-9.737660633390987641e-08,-1.297808717936277390e-03
9.168489327748829965e-07,-9.081674789968019468e-08,-3.007286693900823593e-03
9.439287396162399091e-07,-8.312482435712809092e-08,-2.007669303566217422e-03
9.697002951725153252e-07,-7.453207473417933215e-08,-5.589984357357025146e-05
9.955102768799406476e-07,-6.512170358519142610e-08,7.214383222162723541e-04
1.021323896566173062e-06,-5.448770679095105152e-08,-2.190568484365940094e-04
1.048035755957243964e-06,-4.313104540187850944e-08,-4.326147027313709259e-04
1.075491809388040565e-06,-3.090132594252281706e-08,2.524941228330135345e-04
4.739021903787943302e-07,-2.133853769237248343e-07,1.697349362075328827e-04
5.121357844473095611e-07,-1.999783876271976624e-07,8.431249298155307770e-04
5.491962156156660058e-07,-1.875533826023456641e-07,1.077170949429273605e-03
5.860158012183092069e-07,-1.758913299454434309e-07,1.554134767502546310e-03
6.199749122970388271e-07,-1.662782409539431683e-07,2.305870875716209412e-04
6.547144266733084805e-07,-1.581148438845048076e-07,1.676627900451421738e-03
6.883587388983869459e-07,-1.510615845745633123e-07,-1.092415768653154373e-03
7.222810154416947626e-07,-1.439775161315992591e-07,-1.779771409928798676e-04
7.531897949775157031e-07,-1.369825639585542376e-07,2.755536697804927826e-04
7.830154231669439469e-07,-1.300142713489549351e-07,1.279941294342279434e-03
8.124672490339435171e-07,-1.229626604981604032e-07,1.347362063825130463e-03
8.420729500357992947e-07,-1.163534122383680369e-07,-5.459827370941638947e-04
8.709608891876996495e-07,-1.093124595286099066e-07,-2.570208627730607986e-03
8.996612450573593378e-07,-1.016083430727121595e-07,-3.215760458260774612e-03
9.260731417271017563e-07,-9.300487846530813840e-08,-1.407355535775423050e-03
9.523695894131378736e-07,-8.360321857026065118e-08,-2.629896625876426697e-04
9.783796031115343794e-07,-7.318465833350273897e-08,-9.709824807941913605e-04
1.004902514978311956e-06,-6.230460058986864169e-08,-1.588692422956228256e-03
1.032054342431365512e-06,-5.071222375363504398e-08,-1.621436793357133865e-03
1.059862142938072793e-06,-3.820513683194803889e-08,-8.130916394293308258e-04
4.529693740096263355e-07,-2.356135127001834917e-07,-5.256017204374074936e-03
4.910449433737085201e-07,-2.210244360867363866e-07,7.880260236561298370e-04
5.266120979285915382e-07,-2.082279593196290080e-07,1.806305721402168274e-03
5.650956040881283116e-07,-1.957797195473176544e-07,-1.697000581771135330e-03
5.996092227178451139e-07,-1.850471420539179235e-07,-4.070005379617214203e-04
6.343395284602593165e-07,-1.758812686603050679e-07,5.588061176240444183e-04
6.684149411739781499e-07,-1.679177046298718778e-07,-1.972273457795381546e-03
7.023724606369796675e-07,-1.596442587015189929e-07,-1.448960974812507629e-04
7.337534952966962010e-07,-1.518842509540263563e-07,3.862823359668254852e-04
7.638921601937909145e-07,-1.439181858131632907e-07,1.166459638625383377e-03
7.940626574054476805e-07,-1.363794268627316342e-07,8.050119504332542419e-05
8.238607165367284324e-07,-1.287720010623161215e-07,-1.713034231215715408e-03
8.531704906999948435e-07,-1.208895668014520197e-07,-3.197085577994585037e-03
8.818930723464291077e-07,-1.120742965099452704e-07,-2.370309550315141678e-03
9.087452781386673450e-07,-1.026115015179129841e-07,-1.121692825108766556e-03
9.348572120870812796e-07,-9.226994990285675158e-08,-1.881963107734918594e-03
9.612730309527250938e-07,-8.159724274037216674e-08,-2.495246473699808121e-03
9.880632205749861896e-07,-7.049991523899734602e-08,-2.878588158637285233e-03
1.015510974866629113e-06,-5.874178299336563214e-08,-2.836464438587427139e-03
1.043540237333218101e-06,-4.589495716800229275e-08,-1.665490213781595230e-03
4.352418443431815831e-07,-2.557493417043588124e-07,-1.864847261458635330e-03
4.725100950508931419e-07,-2.409366004485491430e-07,-3.867751453071832657e-03
5.076444722362793982e-07,-2.283163951233291300e-07,1.146839465945959091e-03
5.424196274361747783e-07,-2.157635918820233201e-07,1.975783612579107285e-03
5.814912924506643321e-07,-2.038982955809842679e-07,-6.002425216138362885e-04
6.156629979159333743e-07,-1.938981455396060483e-07,-3.345790319144725800e-04
6.491169983746658545e-07,-1.844801857942002243e-07,-2.072452101856470108e-03
6.828115601820172742e-07,-1.752805474097840488e-07,-3.585075028240680695e-04
7.144790288293734193e-07,-1.666961679802625440e-07,9.066327475011348724e-04
7.453603529938845895e-07,-1.580596915573551087e-07,9.964001365005970001e-04
7.759127811368671246e-07,-1.496966888225870207e-07,3.508995287120342255e-04
8.064534995355643332e-07,-1.415697568063478684e-07,-8.946643210947513580e-04
8.360345873370533809e-07,-1.322417517712892732e-07,-1.437208149582147598e-03
8.647376148473995272e-07,-1.226756012329133227e-07,-1.099311280995607376e-03
8.908247082217712887e-07,-1.123029775840223010e-07,-2.122100908309221268e-03
9.169999657387961634e-07,-1.016380863916310773e-07,-3.196427132934331894e-03
9.434650110051734373e-07,-9.058475569645452197e-08,-4.101377446204423904e-03
9.705945558380335569e-07,-7.921106970343316789e-08,-4.221647512167692184e-03
9.982867368307779543e-07,-6.719563572232800652e-08,-3.898746799677610397e-03
1.026535414894169662e-06,-5.417548010200334829e-08,-2.551798243075609207e-03
4.196963061531278072e-07,-2.760527308964810800e-07,-2.202066127210855484e-03
4.560753552595997462e-07,-2.605733584459812846e-07,-5.126972682774066925e-04
4.920779019812471233e-07,-2.475523217526642838e-07,-1.592332962900400162e-03
5.264735136734088883e-07,-2.351898444885591744e-07,-1.328150276094675064e-03
5.628298822557553649e-07,-2.229377571438817540e-07,-1.330847386270761490e-03
5.981297022117360029e-07,-2.117516260113916360e-07,2.011349424719810486e-04
6.318043688224861398e-07,-2.013221518382124486e-07,-1.578291412442922592e-03
6.652694537478964776e-07,-1.915410052788502071e-07,-2.172035165131092072e-04
6.965750003473658580e-07,-1.817173824747442268e-07,1.379589084535837173e-03
7.277075724232417997e-07,-1.722435314377435134e-07,1.674665603786706924e-03
7.588024004689941648e-07,-1.633269874901088770e-07,1.516930758953094482e-03
7.893280553616932593e-07,-1.538858072080984130e-07,1.033000182360410690e-03
8.191964298021048307e-07,-1.441388377543262322e-07,6.670583970844745636e-04
8.474497121824242640e-07,-1.338135433570641908e-07,-3.771097399294376373e-04
8.739126542423036881e-07,-1.230921355954706087e-07,-1.432203222066164017e-03
9.004453431771253236e-07,-1.120681289989988727e-07,-2.352456096559762955e-03
9.271399790122814011e-07,-1.007168535238633922e-07,-3.252844791859388351e-03
9.540301562083186582e-07,-8.884703817102490575e-08,-4.003310110419988632e-03
9.810537449084222317e-07,-7.600660723028340726e-08,-4.359618294984102249e-03
1.009238872029527556e-06,-6.275019615031851572e-08,-3.242303151637315750e-03
4.056561238030553795e-07,-2.951070143808465218e-07,7.612025365233421326e-05
4.415342971242353087e-07,-2.801368452765018446e-07,9.527197107672691345e-05
4.768970143231854308e-07,-2.665226759290817427e-07,-4.674349911510944366e-04
5.119015895616030321e-07,-2.535967098538094433e-07,-2.048375550657510757e-03
5.464405035127128940e-07,-2.409750550214084797e-07,-2.923248801380395889e-03
5.819858870381722227e-07,-2.289435343527657096e-07,1.043076161295175552e-03
6.150791591608140152e-07,-2.174215723016459378e-07,8.040475659072399139e-04
6.471930191764840856e-07,-2.071012517035342171e-07,2.063085325062274933e-03
6.789649660277063958e-07,-1.967278819847706473e-07,1.222198363393545151e-03
7.105916779437393416e-07,-1.864704728404831258e-07,1.619271468371152878e-03
7.420429710691678338e-07,-1.766141508596774656e-07,1.437153667211532593e-03
7.727066417828609701e-07,-1.664921711608258192e-07,1.377251930534839630e-03
8.021625603760185186e-07,-1.558392170863953652e-07,7.501747459173202515e-04
8.303134677589696366e-07,-1.449897126803989522e-07,1.591066829860210419e-04
8.571368539378454443e-07,-1.339160888846890884e-07,-7.760091684758663177e-04
8.839535325932956766e-07,-1.226476342708338052e-07,-1.680236775428056717e-03
9.108626386478135828e-07,-1.110605936105457658e-07,-2.314210403710603714e-03
9.379093626193935052e-07,-9.896314878687917371e-08,-2.682517748326063156e-03
9.649053254179307260e-07,-8.580470733932088478e-08,-2.853474114090204239e-03
9.923182915372308344e-07,-7.194964979362339363e-08,-3.031530883163213730e-03
3.936239920676598558e-07,-3.132290942176041426e-07,-1.821695361286401749e-03
4.282268832866975572e-07,-2.984184561682923231e-07,-1.781562808901071548e-03
4.623514087143121287e-07,-2.846939537448633928e-07,-1.328377518802881241e-03
4.970527811565261800e-07,-2.715374023409822257e-07,-6.586764939129352570e-04
5.314737450134998653e-07,-2.585941274446668103e-07,-1.675673294812440872e-03
5.646908789458393585e-07,-2.461164569922402734e-07,-1.354126725345849991e-03
5.998780920890567359e-07,-2.342468548022225150e-07,-8.237552829086780548e-04
6.310077651505707763e-07,-2.231332700830535032e-07,2.573098987340927124e-03
6.634491569457168225e-07,-2.123651512420110521e-07,2.363381441682577133e-03
6.951922841835767031e-07,-2.018942524273370509e-07,1.939316745847463608e-03
7.262589178935741074e-07,-1.909102422814612510e-07,1.359072513878345490e-03
7.562372275060624816e-07,-1.799290174631096306e-07,9.078341536223888397e-04
7.852391377127787564e-07,-1.687936048710980685e-07,9.502233006060123444e-04
8.130631954372802284e-07,-1.573286283473862568e-07,9.955526329576969147e-04
8.405046401094296016e-07,-1.457689648987070541e-07,7.882514037191867828e-04
8.677515666022372898e-07,-1.342665427728206851e-07,4.675430245697498322e-04
8.948168783717846964e-07,-1.224968428914507967e-07,-5.078050307929515839e-04
9.221200798492645845e-07,-1.099231994317051431e-07,-1.613107044249773026e-03
9.490019579061481636e-07,-9.640465492566363537e-08,-1.969552133232355118e-03
9.762304671312449500e-07,-8.228810344235171215e-08,-2.334543969482183456e-03
3.824953864750568755e-07,-3.307058307200350100e-07,-3.107497934252023697e-03
4.164936058259627316e-07,-3.160967878557130462e-07,-2.758807037025690079e-03
4.500852526234666584e-07,-3.022782948391977698e-07,-2.339227590709924698e-03
4.842667635784891900e-07,-2.889085806145885726e-07,-1.355169806629419327e-03
5.176474928703100886e-07,-2.755510877250344492e-07,-1.298681367188692093e-03
5.489128511726448778e-07,-2.627325272896996466e-07,-1.489811111241579056e-03
5.829428459946939256e-07,-2.500664777471683919e-07,1.700466498732566833e-03
6.161955639072402846e-07,-2.385200446042290423e-07,-1.538023818284273148e-03
6.473204052781511564e-07,-2.268293854967851075e-07,1.050500664860010147e-03
6.784338779652898666e-07,-2.163153141054863227e-07,-3.322446718811988831e-05
7.094227498782856856e-07,-2.047605960342480103e-07,-6.992323324084281921e-05
7.391849976556841284e-07,-1.933124167408095673e-07,1.213577110320329666e-03
7.683958642701327335e-07,-1.815013916939278715e-07,1.828266773372888565e-03
7.969465514179319143e-07,-1.694829165899136569e-07,1.534544397145509720e-03
8.246187235272373073e-07,-1.576780732648330741e-07,1.174513716250658035e-03
8.521627137270115782e-07,-1.457096203694163705e-07,8.973428048193454742e-04
8.796038173386477865e-07,-1.332706318635246134e-07,5.849669687449932098e-04
9.068065196515817661e-07,-1.204542456889612367e-07,5.846889689564704895e-05
9.339926236862083897e-07,-1.070399875402472389e-07,-7.528415881097316742e-04
9.611330824554897845e-07,-9.341588480538121075e-08,-8.728005923330783844e-04
3.726376007762155496e-07,-3.474964955785253551e-07,-3.314400557428598404e-03
4.060264302552241134e-07,-3.330362119413621258e-07,-3.367985133081674576e-03
4.388770946661679773e-07,-3.189080644006025977e-07,-3.301533404737710953e-03
4.714199519639805658e-07,-3.051238195439509582e-07,-1.954494509845972061e-03
5.038132258050609380e-07,-2.918450547895190539e-07,-1.577070448547601700e-03
5.362441015677177347e-07,-2.786025561363203451e-07,-8.354992605745792389e-04
5.688220312549674418e-07,-2.661052462826773990e-07,-7.906975224614143372e-05
6.019582201588491444e-07,-2.530863980609865393e-07,-1.296851318329572678e-03
6.324340233732073102e-07,-2.421318185952259228e-07,8.359379135072231293e-04
6.625342052757332567e-07,-2.296700500892256969e-07,-9.686825796961784363e-05
6.930627023393753916e-07,-2.179145894842804410e-07,-3.100908361375331879e-04
7.230630671983817592e-07,-2.061565567146317335e-07,-3.908262588083744049e-04
7.520171720898360945e-07,-1.948270664797746576e-07,-4.240451380610466003e-05
7.806351618455664720e-07,-1.825928421794742462e-07,7.347916252911090851e-04
8.088059644251188729e-07,-1.700894927125773393e-07,6.687263958156108856e-04
8.368305657313612755e-07,-1.577213311065861490e-07,2.458081580698490143e-04
8.646750870866526384e-07,-1.447068740390022867e-07,7.189880125224590302e-04
8.921278435991553124e-07,-1.314259634455083869e-07,1.003106590360403061e-03
9.194199606099573430e-07,-1.178768584964018373e-07,2.827462740242481232e-04
9.466943424740748014e-07,-1.043320665417013515e-07,-6.156037561595439911e-04
3.636141627794131637e-07,-3.636871497292304412e-07,-3.844315651804208755e-03
3.959700904943019850e-07,-3.493708220503322082e-07,-3.438303712755441666e-03
4.273518925401731394e-07,-3.350907036292483099e-07,-2.300756517797708511e-03
4.588462161336792633e-07,-3.210484749160968931e-07,-1.954881940037012100e-03
4.915994509246957023e-07,-3.075385279771580826e-07,-1.418149564415216446e-03
5.244421572569990531e-07,-2.942879859801905695e-07,-2.006408758461475372e-04
5.532257887352898251e-07,-2.818111681790469447e-07,1.364140771329402924e-04
5.855168865309678949e-07,-2.688624647362303222e-07,2.382879611104726791e-03
6.196926278789760545e-07,-2.548816269154485781e-07,-1.292122062295675278e-03
6.478373393292713445e-07,-2.430076619930332527e-07,-7.187440060079097748e-04
6.778404326723830309e-07,-2.312141305083059706e-07,-6.695729680359363556e-04
7.071762411214876920e-07,-2.193282284679298755e-07,1.042592339217662811e-04
7.371571086878248025e-07,-2.070937483722445904e-07,3.521190956234931946e-05
7.660578376089688390e-07,-1.947421992554154713e-07,-1.177401281893253326e-04
7.935823305160738528e-07,-1.823773203568634926e-07,6.006145849823951721e-05
8.209347015508683398e-07,-1.698530809335352387e-07,-8.413880132138729095e-04
8.489535616718058009e-07,-1.569726464367704466e-07,-1.264339778572320938e-03
8.768246857471240219e-07,-1.433805607575777685e-07,-7.639345712959766388e-04
9.047216167346050497e-07,-1.294245635108381975e-07,-1.472220756113529205e-04
9.324140819444437511e-07,-1.153142150656094600e-07,-3.585438244044780731e-04
3.542877493600826710e-07,-3.786846036746283062e-07,-2.363982144743204117e-03
3.860617141526745399e-07,-3.647754738267394714e-07,-1.467222813516855240e-03
4.161433366789424326e-07,-3.508732788759516552e-07,-1.255991403013467789e-03
4.471262400329578668e-07,-3.366652663316926919e-07,-1.397343818098306656e-03
4.800841111318732146e-07,-3.228768719054642133e-07,-1.472251955419778824e-03
5.117509545016218908e-07,-3.097717069522332167e-07,1.863702200353145599e-04
5.398343319029663689e-07,-2.965309420233097626e-07,5.746982060372829437e-04
5.705097692043636926e-07,-2.833814960467861965e-07,1.835016068071126938e-03
6.027268000252661295e-07,-2.702644223973038606e-07,2.879511099308729172e-03
6.348906822495337110e-07,-2.564706562679930357e-07,1.490677706897258759e-03
6.625091373280156404e-07,-2.439748243432404706e-07,1.530698500573635101e-04
6.921643489476991817e-07,-2.325842416439627414e-07,9.025586768984794617e-05
7.214599690996692516e-07,-2.202874895829154411e-07,1.535271294414997101e-04
7.506175165872264188e-07,-2.074101104199144174e-07,3.513502888381481171e-04
7.791364282638824079e-07,-1.942714220604102593e-07,1.132576726377010345e-04
8.072962032201758120e-07,-1.810975192029218306e-07,-3.802822902798652649e-05
8.345688797817274462e-07,-1.680968750861211447e-07,-5.646129138767719269e-04
8.616956392870633863e-07,-1.552683812633404159e-07,-1.761269290000200272e-03
8.889265927791711874e-07,-1.419374910938131507e-07,-1.941111404448747635e-03
9.166905101665179245e-07,-1.279695567291128100e-07,-2.157189417630434036e-03
3.454726709151145769e-07,-3.931728258521616226e-07,-5.677142180502414703e-04
3.755590967102762079e-07,-3.793944927110715071e-07,-3.365078009665012360e-04
4.052586461966711795e-07,-3.656080878045031568e-07,-9.278529323637485504e-04
4.361312164746777853e-07,-3.516358049182599643e-07,-1.053290907293558121e-03
4.689557897563645383e-07,-3.379900022082438227e-07,-8.473419584333896637e-04
4.985860755368776154e-07,-3.244136621560755884e-07,5.298419855535030365e-04
5.272964926916756667e-07,-3.110249338078574510e-07,6.375066004693508148e-04
5.559538749366765842e-07,-2.976606197080400307e-07,5.650403909385204315e-04
5.874127850802324247e-07,-2.848441056357842172e-07,2.739026676863431931e-03
6.200488087415578775e-07,-2.707013777580868918e-07,-1.564169768244028091e-03
6.497640470115584321e-07,-2.573019060037040617e-07,-7.760091684758663177e-04
6.770299592062656302e-07,-2.443631501591880806e-07,-2.483480144292116165e-03
7.061352675918897148e-07,-2.327303150195803028e-07,-1.977516803890466690e-03
7.349442512349924073e-07,-2.202199453904540860e-07,-1.844433136284351349e-04
7.638958550160168670e-07,-2.066957449642359279e-07,5.785371176898479462e-04
7.924230089884076733e-07,-1.932715179009392159e-07,6.875810213387012482e-04
8.203965080610942096e-07,-1.798880191472562728e-07,4.432140849530696869e-04
8.479331654598354362e-07,-1.661841224631643854e-07,-2.032681368291378021e-04
8.752825806368491612e-07,-1.530309816644148668e-07,-1.347695011645555496e-03
9.022778613143600523e-07,-1.397690851945299073e-07,-2.446173224598169327e-03
3.363328460181946866e-07,-4.071400496741262032e-07,6.772703491151332855e-04
3.652723989944206551e-07,-3.934787002890516305e-07,-5.778903141617774963e-05
3.948650828533573076e-07,-3.797727856635901844e-07,-6.667547859251499176e-04
4.256137060565379215e-07,-3.659051515114697395e-07,-4.042857326567173004e-04
4.574448553285037633e-07,-3.522281701862084446e-07,-6.058164872229099274e-04
4.852823849432752468e-07,-3.383297837444843026e-07,8.416785858571529388e-04
5.142981649441935588e-07,-3.247720314902835526e-07,6.347424350678920746e-04
5.416384283307706937e-07,-3.114903961431991775e-07,-1.350999809801578522e-04
5.726566882913175505e-07,-2.983433091685583349e-07,1.983593683689832687e-03
6.047916372153849807e-07,-2.848281042133748997e-07,-5.949349142611026764e-04
6.359734356919943821e-07,-2.708935369355458533e-07,-2.679888624697923660e-03
6.633333669014973566e-07,-2.570728838691138662e-07,-1.918916124850511551e-03
6.911517971275316086e-07,-2.436264310290425783e-07,-3.356338012963533401e-03
7.196815090537711512e-07,-2.317106577720551286e-07,-2.617514226585626602e-03
7.482366299882414751e-07,-2.188494079291558592e-07,-1.612427178770303726e-03
7.772349590595695190e-07,-2.056974466313477024e-07,7.895487360656261444e-04
8.055702664933050983e-07,-1.920055154869260150e-07,1.502822618931531906e-03
8.334311019098095130e-07,-1.782356093826820143e-07,1.143719535320997238e-03
8.608920438746281434e-07,-1.646038469971244922e-07,1.232861541211605072e-04
8.881760891199519392e-07,-1.511772609319450567e-07,-1.644699368625879288e-03
3.267486192726209993e-07,-4.204086110348725924e-07,8.421740494668483734e-04
3.553764429398142966e-07,-4.071079615641792770e-07,2.143806777894496918e-04
3.850839505048497813e-07,-3.935287509193585720e-07,1.024222001433372498e-05
4.146434662288811523e-07,-3.797629801738366950e-07,-1.064562238752841949e-04
4.448237689302914077e-07,-3.655915179479052313e-07,-7.951357401907444000e-04
4.722745359231339535e-07,-3.517614572956517804e-07,1.303979661315679550e-03
5.012088877265341580e-07,-3.382248507932672510e-07,4.249638877809047699e-04
5.290378908284765203e-07,-3.247965594255219912e-07,1.982464455068111420e-04
5.576311536970024463e-07,-3.114596722753049107e-07,1.159851904958486557e-03
5.893865022699174006e-07,-2.983446165671921335e-07,8.582505397498607635e-04
6.203438260854454711e-07,-2.841872515091381501e-07,-2.769686747342348099e-03
6.512820505122363102e-07,-2.698882326512830332e-07,-1.361500937491655350e-03
6.766600790797383524e-07,-2.563996588378358865e-07,-2.560606691986322403e-03
7.053980652926838957e-07,-2.422315219519077800e-07,-3.603319171816110611e-03
7.333181883950601332e-07,-2.299992303278486361e-07,-3.095765132457017899e-03
7.616133643750799820e-07,-2.174180480096765677e-07,-2.229139674454927444e-03
7.899618594819912687e-07,-2.039012230170555995e-07,-2.201520837843418121e-04
8.186902960005681962e-07,-1.905178237393556628e-07,2.280925866216421127e-03
8.463379685963445809e-07,-1.768173660821048543e-07,1.863171812146902084e-03
8.734946845834201667e-07,-1.634159332297713263e-07,2.100649289786815643e-04
3.175152869516750798e-07,-4.332420076025300659e-07,1.103443559259176254e-03
3.458112871612684103e-07,-4.202546506348880939e-07,6.215474568307399750e-04
3.746501988644013181e-07,-4.065465191160910763e-07,2.938634715974330902e-04
4.033115033053036314e-07,-3.926427325495751575e-07,-3.392198123037815094e-04
4.323732696320803370e-07,-3.784650459692784352e-07,-1.043046358972787857e-03
4.594778033606417011e-07,-3.646888160346861696e-07,1.564835663884878159e-03
4.880801043327664956e-07,-3.511352701934811193e-07,9.147203527390956879e-04
5.167395897842652630e-07,-3.375576795860979473e-07,9.071319364011287689e-04
5.423558491202129517e-07,-3.244192043894145172e-07,1.772747840732336044e-03
5.732405270464369096e-07,-3.112053548193216557e-07,3.098586108535528183e-03
6.061360409148619510e-07,-2.972187189698161092e-07,-8.068890310823917389e-04
6.359196618177520577e-07,-2.828234642038296442e-07,-3.513696137815713882e-03
6.647813961535575800e-07,-2.689385496523755137e-07,-4.863473586738109589e-04
6.898751507833367214e-07,-2.552961291257815901e-07,-3.227502573281526566e-03
7.198530624918930698e-07,-2.405461430043942528e-07,-3.455704543739557266e-03
7.471204526154906489e-07,-2.279557804740761640e-07,-3.001396078616380692e-03
7.749633255116350483e-07,-2.154827569711414981e-07,-1.963282469660043716e-03
8.028858928810223006e-07,-2.019871914171744720e-07,-9.058644063770771027e-04
8.308087444675038569e-07,-1.889832788037892897e-07,1.378498505800962448e-03
8.588519904151326045e-07,-1.759175773941024090e-07,2.287191804498434067e-03
3.086545632413617568e-07,-4.458484852420951938e-07,1.559180673211812973e-03
3.360854634593124501e-07,-4.328038869516603881e-07,7.941699586808681488e-04
3.638297698671522085e-07,-4.190818287952424726e-07,3.289482556283473969e-04
3.914495039225585060e-07,-4.051688620165805332e-07,-7.368125952780246735e-04
4.202412640097463736e-07,-3.910951988927990897e-07,-1.189636532217264175e-03
4.471096985980693717e-07,-3.773657226702198386e-07,1.462300773710012436e-03
4.750623361360339914e-07,-3.637310896920098457e-07,1.884536352008581161e-03
5.038180006522452459e-07,-3.501340302136668470e-07,1.789247151464223862e-03
5.293587150845269207e-07,-3.371463606072211405e-07,2.082941588014364243e-03
5.586214228969765827e-07,-3.236899601688492112e-07,2.899555023759603500e-03
5.908017328692949377e-07,-3.102496179963054601e-07,1.215990167111158371e-03
6.206431635291664861e-07,-2.960560152587277116e-07,-1.314739231020212173e-03
6.519354087686224375e-07,-2.810118928664451232e-07,-6.991146598011255264e-03
6.779704904147365596e-07,-2.674206029951164965e-07,-7.031182758510112762e-04
7.038203762022021692e-07,-2.536060605962120462e-07,-3.277598414570093155e-03
7.336912517530436162e-07,-2.384878996508632554e-07,-2.889823634177446365e-03
7.608872465425520204e-07,-2.256365263519910513e-07,-2.550857607275247574e-03
7.882919135226984508e-07,-2.136194581225936417e-07,-1.405649352818727493e-03
8.155997761605249252e-07,-2.003937993322324473e-07,-5.851243622601032257e-04
8.426942486039479263e-07,-1.876118744803534355e-07,1.039895694702863693e-03
2.992879331031872425e-07,-4.578635355301230447e-07,1.513054128736257553e-03
3.255935894230788108e-07,-4.449727839528350160e-07,4.310137592256069183e-04
3.524433225265966030e-07,-4.313085355533985421e-07,-9.709037840366363525e-07
3.799077319399657426e-07,-4.174195851192052942e-07,-1.012342516332864761e-03
4.083409521626890637e-07,-4.034063465496728895e-07,-1.035603228956460953e-03
4.349977302808838431e-07,-3.897957014942221576e-07,1.461212988942861557e-03
4.622984590696432861e-07,-3.761601874430198222e-07,2.985341008752584457e-03
4.911290716336225159e-07,-3.625296756126772380e-07,2.709691878408193588e-03
5.180058337828086223e-07,-3.493640576834877720e-07,2.720562275499105453e-03
5.439310371002648026e-07,-3.362362974712596042e-07,2.896295394748449326e-03
5.750316631747409701e-07,-3.229546905458846595e-07,3.782765474170446396e-03
6.066648552405240480e-07,-3.087054096795327496e-07,4.167347215116024017e-04
6.355097639243467711e-07,-2.944962602668965701e-07,-1.722299028187990189e-03
6.667128218396101147e-07,-2.795989075821125880e-07,-4.849642049521207809e-03
6.910201477694499772e-07,-2.656873334672127385e-07,-1.643504481762647629e-03
7.179111207733512856e-07,-2.513857566555088852e-07,-3.168426919728517532e-03
7.474615699720743578e-07,-2.362820481494054548e-07,-2.289960626512765884e-03
7.744663435005350038e-07,-2.234252320931773284e-07,-2.080359030514955521e-03
8.008486815924698021e-07,-2.119923436794124427e-07,-5.417265929281711578e-04
8.274510037153959274e-07,-1.993175686720860540e-07,-3.051618114113807678e-05
2.893458770358847687e-07,-4.697382109952741303e-07,9.659058414399623871e-04
3.151839962356461911e-07,-4.568610165733844042e-07,-5.079754628241062164e-04
3.408585769193450687e-07,-4.433337608134024777e-07,-4.583620466291904449e-04
3.685011336074239807e-07,-4.295344240290432936e-07,-1.183556858450174332e-03
3.965991766108345473e-07,-4.155758972501644166e-07,-9.157978929579257965e-04
4.230549848216469400e-07,-4.020439803298359038e-07,1.513359602540731430e-03
4.499574686178675620e-07,-3.883902479628886795e-07,3.835802432149648666e-03
4.786742238138685934e-07,-3.747482821836456424e-07,3.643890377134084702e-03
5.062582317805208731e-07,-3.614350134739652276e-07,3.349279519170522690e-03
5.301304781824001111e-07,-3.485791637558577349e-07,4.435216542333364487e-03
5.605000410469074268e-07,-3.351364625814312603e-07,4.775991197675466537e-03
5.928399104959680699e-07,-3.213225738818437094e-07,1.877558883279561996e-03
6.213097094587283209e-07,-3.072100014378520427e-07,3.008111380040645599e-04
6.515198833767499309e-07,-2.921630368746264139e-07,-3.083730582147836685e-03
6.807155727983627003e-07,-2.778582484097569250e-07,-3.646435681730508804e-03
7.042829679448914248e-07,-2.637395937199471518e-07,-2.624019514769315720e-03
7.322836950152122881e-07,-2.490355655027087778e-07,-2.733245957642793655e-03
7.613388106619822793e-07,-2.341716083265055204e-07,-2.097771037369966507e-03
7.879256145315594040e-07,-2.214403025391220581e-07,-1.900883857160806656e-03
8.141624334712105338e-07,-2.110875811922596768e-07,-1.544330734759569168e-03
2.788634958506008843e-07,-4.815241823052929249e-07,-5.331211723387241364e-04
3.037795011096022790e-07,-4.686186514391010860e-07,-1.076715532690286636e-03
3.296209456493670586e-07,-4.552690882064780453e-07,-9.321966208517551422e-04
3.572018556496914243e-07,-4.415258274548250483e-07,-1.466924790292978287e-03
3.848506935355544556e-07,-4.276623144505720120e-07,-8.152821101248264313e-04
4.111959128749731462e-07,-4.142130194395576837e-07,1.547863241285085678e-03
4.380451343877211912e-07,-4.005852360933204181e-07,3.838954027742147446e-03
4.661934553951141424e-07,-3.868549356411676854e-07,4.675594624131917953e-03
4.937920721204136498e-07,-3.734876941052789334e-07,4.368537571281194687e-03
5.178587230147968512e-07,-3.606850782489345875e-07,5.961087998002767563e-03
5.458920782075438183e-07,-3.473469121217931388e-07,5.924457218497991562e-03
5.781522531833616085e-07,-3.338256249207915971e-07,4.262310918420553207e-03
6.080698540245066397e-07,-3.193408701918087900e-07,2.228851895779371262e-03
6.366637990140588954e-07,-3.051723922453675186e-07,5.535795353353023529e-04
6.693479122077405918e-07,-2.889233030600735219e-07,-1.210744492709636688e-02
6.942011623323196545e-07,-2.755388663899793755e-07,-1.983151305466890335e-03
7.181192813732195646e-07,-2.612504772514512297e-07,-2.965229097753763199e-03
7.468386797881976236e-07,-2.465613704316638177e-07,-2.392014954239130020e-03
7.751873454253654927e-07,-2.320954450851786532e-07,-2.209648955613374710e-03
8.011227237147977576e-07,-2.198405297804129077e-07,-3.393669147044420242e-03
2.680554871403728612e-07,-4.932938963975175284e-07,-1.791539136320352554e-03
2.922122916970693041e-07,-4.803494562111154664e-07,-1.611637417227029800e-03
3.183338037615612848e-07,-4.671774433973041596e-07,-1.399340573698282242e-03
3.458585808857606025e-07,-4.534774404874042375e-07,-1.792693976312875748e-03
3.730915523192379624e-07,-4.397119255372672342e-07,-7.252194918692111969e-04
3.993216637354635168e-07,-4.263230266587925144e-07,1.655673142522573471e-03
4.260215860085736495e-07,-4.127012687149544945e-07,3.945556934922933578e-03
4.536846347491518827e-07,-3.989035235463234130e-07,5.895940121263265610e-03
4.812688416677701753e-07,-3.855366230709478259e-07,5.470668431371450424e-03
5.066649464424699545e-07,-3.725770056917099282e-07,6.939226295799016953e-03
5.320180775925109629e-07,-3.595560258418117883e-07,7.488725241273641586e-03
5.639437858917517588e-07,-3.458650894572201651e-07,6.096222903579473495e-03
5.947453018961823545e-07,-3.315256833502644440e-07,4.317754413932561874e-03
6.228480629033583682e-07,-3.174981770825979766e-07,2.531829755753278732e-03
6.515355153169366531e-07,-3.027534205557458336e-07,-9.230384603142738342e-05
6.833266752437339164e-07,-2.874401729968667496e-07,-1.090875454246997833e-02
7.070925107655057218e-07,-2.734209942900633905e-07,-2.954153809696435928e-03
7.325250521716952790e-07,-2.585505285424005706e-07,-3.020714502781629562e-03
7.612029548909049481e-07,-2.444198514695017366e-07,-3.113961312919855118e-03
7.886447974669863470e-07,-2.308464672751142643e-07,-4.318619612604379654e-03
2.639553287053786335e-08,-4.351518612111249240e-07,-2.131449524313211441e-03
6.705818833552257274e-08,-4.283475334432296222e-07,-1.314329449087381363e-03
1.085265708411498053e-07,-4.155225781232729787e-07,-9.346329607069492340e-04
1.513193836899517919e-07,-3.971023261328809895e-07,-1.103261951357126236e-03
1.960097080200284836e-07,-3.738637985861714697e-07,-1.771809998899698257e-03
2.423975900001096306e-07,-3.465638371835666476e-07,-2.083952073007822037e-03
2.901985851622157497e-07,-3.166140629673463991e-07,-2.875077072530984879e-03
3.415983940158184851e-07,-2.836828230101673398e-07,-1.429105643182992935e-03
3.951560358927963534e-07,-2.490905330887471791e-07,-2.869349438697099686e-03
4.495612415666982997e-07,-2.156839400413446128e-07,-2.432963345199823380e-03
2.576951629862378468e-08,-4.420199957166914828e-07,-2.050357405096292496e-03
6.502472871261488763e-08,-4.357509340024989797e-07,-8.359276689589023590e-04
1.049882953907399497e-07,-4.238930841893306933e-07,-1.355879940092563629e-04
1.461159087057239958e-07,-4.070419947765913093e-07,-3.393315710127353668e-04
1.889613230332543026e-07,-3.856490877751639346e-07,-1.084955874830484390e-03
2.332823356709923246e-07,-3.603225025017309235e-07,-1.612568739801645279e-03
2.789005009162792703e-07,-3.319645713872887427e-07,-1.618953887373209000e-03
3.264770498390134890e-07,-3.017221672507730545e-07,-4.423490259796380997e-03
3.770337571040727198e-07,-2.691471934213041095e-07,-2.117505762726068497e-03
4.272102387403720059e-07,-2.369463771856317180e-07,-5.501684267073869705e-03
2.514429553457375732e-08,-4.487859541768557392e-07,-1.713516656309366226e-03
6.316839318287748029e-08,-4.428935653777443804e-07,-2.401792444288730621e-04
1.020499453829870617e-07,-4.321138646901090397e-07,9.394860826432704926e-04
1.417327126773670898e-07,-4.165542009104683530e-07,1.149681862443685532e-03
1.825056159532323363e-07,-3.968088151395932073e-07,3.653294406831264496e-04
2.249314974278604495e-07,-3.735279392458323855e-07,-6.881826557219028473e-04
2.685515596567711327e-07,-3.472440255336550763e-07,-1.088435295969247818e-03
3.133141888156387722e-07,-3.187981576502352254e-07,-1.058137509971857071e-03
3.610615522120497189e-07,-2.890632231355994008e-07,-2.794331405311822891e-03
4.092948131528828526e-07,-2.576975930423941463e-07,-2.232065889984369278e-03
2.469972315566337784e-08,-4.555033683573128656e-07,-1.191141549497842789e-03
6.200287572255547275e-08,-4.502696242525416892e-07,7.379329763352870941e-04
9.960997005009630811e-08,-4.404130891089153010e-07,1.310510095208883286e-03
1.379587928340697545e-07,-4.261941057848162018e-07,8.109337650239467621e-04
1.774296691792187630e-07,-4.080012274698674446e-07,3.045327030122280121e-04
2.179613289854387403e-07,-3.861237587443611119e-07,3.804615698754787445e-04
2.598115429464087356e-07,-3.615514287957921624e-07,3.556362353265285492e-04
3.029868764770071721e-07,-3.352894566432951251e-07,-3.441446460783481598e-04
3.476825440884567797e-07,-3.073147922805219423e-07,3.056740388274192810e-05
3.930856564693385735e-07,-2.783871480005473131e-07,-1.328086946159601212e-03
2.459444914393316139e-08,-4.624736220648628660e-07,-2.337419427931308746e-04
6.070724367646107567e-08,-4.577072161282558227e-07,9.500957094132900238e-04
9.705491521572184865e-08,-4.487408489239896880e-07,5.018240772187709808e-04
1.342742876886404702e-07,-4.356462852683762321e-07,3.747409209609031677e-05
1.724225882071550586e-07,-4.188207185507053509e-07,-5.730413831770420074e-04
2.115925070711455191e-07,-3.987668151239631698e-07,-1.016894821077585220e-03
2.520638702208088944e-07,-3.759450635243410943e-07,-6.056674756109714508e-04
2.935618113042437471e-07,-3.509496480091911508e-07,4.480308853089809418e-04
3.359378695222403621e-07,-3.244460913265356794e-07,1.971251331269741058e-04
3.797898955326672876e-07,-2.978896418426302262e-07,8.746213279664516449e-04
2.460189563180392724e-08,-4.694805681992875179e-07,1.013380941003561020e-03
5.932907498618078534e-08,-4.652802090276964009e-07,4.948801361024379730e-04
9.482483420697462861e-08,-4.570422049710032297e-07,1.647300086915493011e-04
1.309733903553933487e-07,-4.449520929483696818e-07,-6.546312943100929260e-05
1.679606924653853639e-07,-4.293329425308911595e-07,-5.882852710783481598e-04
2.058557271311656223e-07,-4.106083224542089738e-07,-1.304926816374063492e-03
2.447615656819834840e-07,-3.893685232014831854e-07,-1.778068486601114273e-03
2.850279940957989311e-07,-3.662576943952444708e-07,-1.858162228018045425e-03
3.255847502714459551e-07,-3.410893896216293797e-07,-1.114527229219675064e-03
3.669990746857365593e-07,-3.151975249693350634e-07,2.869493328034877777e-04
2.419842104472991196e-08,-4.767019277096551377e-07,9.157932363450527191e-04
5.801758362622422283e-08,-4.729396323455148377e-07,8.760159835219383240e-05
9.266523903761481051e-08,-4.653624330330785597e-07,8.731847628951072693e-05
1.281074020198502694e-07,-4.542563374343444593e-07,3.801053389906883240e-05
1.641409284047767869e-07,-4.397434736347349826e-07,-4.150592721998691559e-04
2.008135453479553689e-07,-4.222705740630772198e-07,-1.161607448011636734e-03
2.383148540729962406e-07,-4.023421240617608419e-07,-1.984762493520975113e-03
2.767303612927207723e-07,-3.803322670137276873e-07,-2.780901733785867691e-03
3.162341499773901887e-07,-3.570235378447250696e-07,-2.745012287050485611e-03
3.560359687071468215e-07,-3.327651540985243628e-07,-2.207996789366006851e-03
2.386304487345114467e-08,-4.841475060857192148e-07,4.585809074342250824e-04
5.673928882288237219e-08,-4.806521474165492691e-07,-6.814533844590187073e-05
9.101177766979162698e-08,-4.738562893180642277e-07,1.856959424912929535e-04
1.257094623952070833e-07,-4.635473942471435294e-07,2.008057199418544769e-04
1.608496376093171421e-07,-4.500700185872119619e-07,-1.321905292570590973e-04
1.964223059758296586e-07,-4.337580037372390507e-07,-8.067809976637363434e-04
2.328988699673573137e-07,-4.150570021010935307e-07,-1.460532192140817642e-03
2.697947252272570040e-07,-3.942432158510200679e-07,-2.473088447004556656e-03
3.072976539897354087e-07,-3.718875518643471878e-07,-3.426405135542154312e-03
3.458326318650506437e-07,-3.493850613267568406e-07,-3.242420498281717300e-03
2.347878336195208249e-08,-4.917101819046365563e-07,7.255142554640769958e-05
5.588362483877062914e-08,-4.886113629254396074e-07,5.298620089888572693e-05
8.946592089387195301e-08,-4.823890549232601188e-07,2.753115259110927582e-04
1.233914730391916237e-07,-4.727769749024446355e-07,3.437674604356288910e-04
1.575817094590092893e-07,-4.601979810558987083e-07,1.452392898499965668e-04
1.923277608284479356e-07,-4.449358357305754907e-07,-3.851228393614292145e-04
2.279261224202855374e-07,-4.274221225841756677e-07,-8.700513280928134918e-04
2.639133640514046419e-07,-4.079612381246988662e-07,-1.859592739492654800e-03
3.002794812800857471e-07,-3.868682370011811145e-07,-2.847316209226846695e-03
3.367886449723300757e-07,-3.652881161997356685e-07,-3.607588354498147964e-03
2.320661707244653371e-08,-4.993702305000624619e-07,-1.878165639936923981e-04
5.523646251504032989e-08,-4.967169502378965262e-07,8.515780791640281677e-05
8.788408223381338757e-08,-4.909081781079294160e-07,3.512925468385219574e-04
1.209438806881735218e-07,-4.818664933736727107e-07,5.374825559556484222e-04
1.544254217833440634e-07,-4.701117575223179301e-07,4.172599874436855316e-04
1.884120450768023147e-07,-4.558514206109975930e-07,-3.006034530699253082e-04
2.229736395520376391e-07,-4.393607468955451623e-07,-8.356296457350254059e-04
2.580244711225532228e-07,-4.210187967146339361e-07,-1.844125334173440933e-03
2.934853284841665300e-07,-4.011946828086365713e-07,-2.790274564176797867e-03
3.291296195584436646e-07,-3.808028168350574560e-07,-3.493713680654764175e-03
2.333087678607626003e-08,-5.072844260212150402e-07,-1.760744489729404449e-04
5.449755491326868651e-08,-5.048917728345259093e-07,1.132464967668056488e-04
8.619048941227447358e-08,-4.993368065697723068e-07,4.082447849214076996e-04
1.184902558293288166e-07,-4.908477535536803771e-07,6.671524606645107269e-04
1.509718146053273813e-07,-4.796550570063118357e-07,3.631180152297019958e-05
1.840872840830343193e-07,-4.661777097680896986e-07,-7.296376861631870270e-04
2.183141276645983453e-07,-4.506423749717214378e-07,-8.802586235105991364e-04
2.526743116959551116e-07,-4.332710830112773692e-07,-1.464905682951211929e-03
2.870415016786864726e-07,-4.146098433466249844e-07,-2.393613103777170181e-03
3.213339141439064406e-07,-3.952953591124241939e-07,-2.663696650415658951e-03
2.336845028594325413e-08,-5.153091819920518901e-07,-7.207924500107765198e-05
5.366445776644468424e-08,-5.130690965415851679e-07,1.734173856675624847e-04
8.448876798183846404e-08,-5.077872629044577479e-07,4.341281019151210785e-04
1.158749469709619007e-07,-4.996416578251228202e-07,3.281212411820888519e-04
1.478588984582529520e-07,-4.887733666691929102e-07,-2.378458157181739807e-05
1.805303355695286882e-07,-4.759388048114487901e-07,-4.068040288984775543e-04
2.134159018396530882e-07,-4.613901580796664348e-07,-5.718790926039218903e-04
2.462538191139174160e-07,-4.451491690815601032e-07,-5.233311094343662262e-04
2.796940350435761502e-07,-4.276136849057365907e-07,-6.138407625257968903e-04
3.132150823148549534e-07,-4.091304788289562566e-07,-9.244256652891635895e-04
2.324237158290998195e-08,-5.234044806456950027e-07,1.392043195664882660e-04
5.280595161138990079e-08,-5.211783786762680393e-07,3.180033527314662933e-04
8.297440245996767771e-08,-5.162422098692331929e-07,5.067712627351284027e-04
1.136727476591659070e-07,-5.079973561805672944e-07,4.152930341660976410e-04
1.450197117947027436e-07,-4.977508751835557632e-07,8.421903476119041443e-05
1.763322785564014339e-07,-4.858225111092906445e-07,-2.848678268492221832e-04
2.078284211393111036e-07,-4.719737205505225575e-07,5.198693834245204926e-04
2.398562344296806259e-07,-4.565335132156178588e-07,9.855455718934535980e-04
2.725301158079673769e-07,-4.398478949951822869e-07,8.677965961396694183e-04
3.055570232390891761e-07,-4.224950203024491202e-07,5.687526427209377289e-04
2.299675117001243052e-08,-5.315043267728469800e-07,4.548407159745693207e-04
5.202981157026442816e-08,-5.292932883094181307e-07,6.330288015305995941e-04
8.154484731903721695e-08,-5.241742542239080649e-07,7.084584794938564301e-04
1.115608156965208764e-07,-5.164114327271818183e-07,4.965937696397304535e-04
1.414900765439597308e-07,-5.069315989203460049e-07,-8.593732491135597229e-05
1.717437925208287197e-07,-4.956143584422534332e-07,9.297109209001064301e-04
2.023337657419688185e-07,-4.824033794648130424e-07,1.753700431436300278e-03
2.335295476996179787e-07,-4.675401612530549755e-07,2.091688569635152817e-03
2.653466140145610552e-07,-4.516005560617486481e-07,2.090272959321737289e-03
2.972020354263804620e-07,-4.352216649294859963e-07,1.552788075059652328e-03
2.264722098743732204e-08,-5.395932589635776822e-07,8.004582487046718597e-04
5.140294234706743737e-08,-5.372081659515970387e-07,1.339820679277181625e-03
8.007504703755330411e-08,-5.321219305187696591e-07,1.012173946946859360e-03
1.087830483470497711e-07,-5.250146273283462506e-07,3.559715114533901215e-04
1.376880476300357259e-07,-5.160588329999882262e-07,7.845438085496425629e-04
1.670706382128628320e-07,-5.053226459494908340e-07,1.985398586839437485e-03
1.967811016356790788e-07,-4.924397103422961663e-07,2.709356602281332016e-03
2.272467298780611600e-07,-4.782779683409899008e-07,3.103492315858602524e-03
2.581608669061097316e-07,-4.631724266346282093e-07,3.037629183381795883e-03
2.883226954963902244e-07,-4.475743367038376164e-07,1.749073620885610580e-03
2.263517018263883074e-08,-5.474617523759661708e-07,1.631555613130331039e-03
5.053897922380201635e-08,-5.449875857266306411e-07,1.837698277086019516e-03
7.825344283673985046e-08,-5.402004035204299726e-07,1.205233391374349594e-03
1.058923331243022403e-07,-5.335758714863914065e-07,3.663129173219203949e-04
1.336480153213415178e-07,-5.251530410532723181e-07,1.708684023469686508e-03
1.621335030677073519e-07,-5.147300043972791173e-07,2.838579472154378891e-03
1.911617317773561808e-07,-5.023765652367728762e-07,3.644672688096761703e-03
2.209713017009562463e-07,-4.888796638624626212e-07,4.051876720041036606e-03
2.501467122328904225e-07,-4.747285515804833267e-07,3.018183168023824692e-03
2.799307310397125548e-07,-4.596517442223557737e-07,2.133009489625692368e-03
2.259924514191880007e-08,-5.553022788262751419e-07,2.556053455919027328e-03
4.958281607514436473e-08,-5.527339794753061142e-07,2.283541020005941391e-03
7.600915097327742842e-08,-5.484038183567463420e-07,1.035270746797323227e-03
1.024342921596144151e-07,-5.421442779152130242e-07,1.048771198838949203e-03
1.295376108600976295e-07,-5.342094482330139726e-07,2.553177531808614731e-03
1.570815157947436091e-07,-5.240027007857861463e-07,3.602442797273397446e-03
1.854521229915917502e-07,-5.122537913848645985e-07,4.478124435991048813e-03
2.136165022648128797e-07,-4.997581299903686158e-07,4.132149275392293930e-03
2.423530531814321876e-07,-4.859795126321841963e-07,3.308696206659078598e-03
2.715011078180395998e-07,-4.714751753454038408e-07,2.348077949136495590e-03
2.238295593315342558e-08,-5.630171813209017273e-07,3.341463860124349594e-03
4.824153876370473881e-08,-5.605693331744987518e-07,2.412465866655111313e-03
7.351361119845023495e-08,-5.565751166614063550e-07,1.046550925821065903e-03
9.885207674642515485e-08,-5.507273499461007304e-07,1.819340046495199203e-03
1.250877090797075653e-07,-5.430136980066890828e-07,3.272456582635641098e-03
1.518954917401060811e-07,-5.332634600563324057e-07,4.322809632867574692e-03
1.789016295106193866e-07,-5.223271841714449693e-07,4.722563084214925766e-03
2.062206050368331489e-07,-5.103572675579925999e-07,4.142788704484701157e-03
2.341255509463735507e-07,-4.969851943315006793e-07,3.227604087442159653e-03
2.624667558848159388e-07,-4.829709041587193497e-07,2.144721802324056625e-03
2.203217519536337932e-08,-5.705553007828711998e-07,3.767935093492269516e-03
4.656573793226925773e-08,-5.684344159817555919e-07,2.102655824273824692e-03
7.053677819612858002e-08,-5.647247576234804001e-07,1.647306140512228012e-03
9.508074327868598630e-08,-5.593435616901842877e-07,2.567378338426351547e-03
1.203532207227908657e-07,-5.517703129953588359e-07,3.908631857484579086e-03
1.462470180513264495e-07,-5.426193752100516576e-07,4.847494419664144516e-03
1.719272546552019776e-07,-5.325709366843511816e-07,4.672122653573751450e-03
1.982841268954871339e-07,-5.206906052990234457e-07,3.826779779046773911e-03
2.254104884968910483e-07,-5.078272806713357568e-07,2.832022961229085922e-03
2.531479594836127944e-07,-4.943594831274822354e-07,1.480174716562032700e-03
2.162529000315771555e-08,-5.779573371000878979e-07,3.933203872293233871e-03
4.469524839123550919e-08,-5.761835382145363837e-07,2.031860407441854477e-03
6.743204750137010706e-08,-5.727910661335045006e-07,2.226141747087240219e-03
9.100023845576288295e-08,-5.677324566022434738e-07,3.285688813775777817e-03
1.153844735313214187e-07,-5.605205615211161785e-07,4.506838973611593246e-03
1.394549968836145126e-07,-5.522423975889978465e-07,4.537475761026144028e-03
1.643618787738887477e-07,-5.423645461632986553e-07,4.107756074517965317e-03
1.898730062066533719e-07,-5.309178163770411629e-07,3.226441796869039536e-03
2.163193784099348704e-07,-5.186222438169352245e-07,1.921427901834249496e-03
2.428176912872004323e-07,-5.057809175923466682e-07,-5.206698551774024963e-05
